,INTERVAL_DATETIME,RRP,RAISEREGRRP,LOWERREGRRP,RAISE6SECRRP,RAISE60SECRRP,RAISE5MINRRP,LOWER6SECRRP,LOWER60SECRRP,LOWER5MINRRP
12,2021-01-22 00:00:00,33.67678,3.69096,6.0,2.95,1.73,0.88,0.99,1.81,0.99
12,2021-01-22 00:05:00,35.26183,7.0,7.73,3.0,1.73,0.88,0.99,1.95,0.99
12,2021-01-22 00:10:00,41.95003,7.0,6.0,2.95,1.73,0.88,0.99,1.99,1.03
12,2021-01-22 00:15:00,36.30831,4.97857,6.0,2.62,1.73,0.88,0.99,1.99,1.03
12,2021-01-22 00:20:00,36.16054,4.97857,6.0,2.62,1.73,0.88,0.81,1.8,0.44
12,2021-01-22 00:25:00,35.2,5.45,6.0,2.78,1.73,0.88,0.81,1.8,0.79
12,2021-01-22 00:30:00,36.27779,4.93137,6.0,3.0,1.73,0.88,0.99,1.99,1.0
12,2021-01-22 00:35:00,36.0211,5.73,6.0,2.0,1.73,0.88,1.1,1.99,0.99
12,2021-01-22 00:40:00,35.84622,5.73,6.0,2.0,1.7,0.88,1.1,1.99,0.99
12,2021-01-22 00:45:00,36.25711,11.68,6.0,1.95,1.6,0.88,1.23,3.67,1.03
12,2021-01-22 00:50:00,35.97698,11.68,6.0,1.95,1.6,0.88,1.1,1.99,0.99
12,2021-01-22 00:55:00,35.70051,11.0,6.0,1.95,1.6,0.88,1.23,3.68,1.03
12,2021-01-22 01:00:00,35.25,11.68,4.99,1.98,1.6,0.88,1.1,1.99,0.99
12,2021-01-22 01:05:00,39.70849,4.74043,4.99,2.62,1.6,0.88,1.1,2.95,0.99
12,2021-01-22 01:10:00,35.68726,7.98,4.99,2.62,1.6,0.88,1.1,2.0,0.99
12,2021-01-22 01:15:00,33.0405,13.48,6.0,2.0,1.6,0.88,1.1,2.0,0.99
12,2021-01-22 01:20:00,34.7083,11.68,4.99,2.0,1.6,0.88,1.23,3.68,1.03
12,2021-01-22 01:25:00,34.24367,11.0,4.99,2.0,1.6,0.88,1.0,2.0,0.99
12,2021-01-22 01:30:00,35.08519,11.0,6.0,2.0,1.6,0.88,1.0,2.04637,0.99
12,2021-01-22 01:35:00,35.25,7.0,6.0,2.0,1.7,0.88,1.0,2.0,1.0
12,2021-01-22 01:40:00,34.70297,7.0,6.0,2.0,1.7,0.88,1.1,3.67,1.03
12,2021-01-22 01:45:00,34.90646,5.45,6.0,2.0,1.7,0.88,1.1,3.67,1.03
12,2021-01-22 01:50:00,34.64636,3.38,6.0,2.0,1.7,0.88,1.23,3.68,1.03
12,2021-01-22 01:55:00,33.95945,3.38,6.0,1.96945,1.6,0.88,1.1,3.41243,1.0
12,2021-01-22 02:00:00,33.20154,5.45,6.0,1.95,1.6,0.88,1.0,3.68,0.99
12,2021-01-22 02:05:00,33.80615,11.0,6.0,1.95,1.49,0.88,1.0,3.28073,0.99
12,2021-01-22 02:10:00,30.6901,11.68,6.0,1.8101,1.49,0.88,1.0,3.68,0.99
12,2021-01-22 02:15:00,33.72,11.646,4.99,1.73,1.6,0.88,1.23,3.68,1.03
12,2021-01-22 02:20:00,33.58253,11.0,6.0,1.73,1.49,0.88,1.1,3.68,0.99
12,2021-01-22 02:25:00,33.19509,11.0,4.99,1.73,1.49,0.88,1.1,3.67,0.99
12,2021-01-22 02:30:00,32.25228,11.68,6.0,1.73,1.49,0.88,1.1,3.68,0.99
12,2021-01-22 02:35:00,32.49588,11.6042,6.0,1.73,1.49,0.88,1.1,3.68,0.99
12,2021-01-22 02:40:00,32.25021,11.0,4.99,1.73,1.49,0.88,1.1,3.68,0.99
12,2021-01-22 02:45:00,30.61,7.0,4.99,1.73,1.49,0.88,1.1,3.68,0.99
12,2021-01-22 02:50:00,30.6,7.0,6.0,1.73,1.49,0.87,1.1,3.68,0.99
12,2021-01-22 02:55:00,30.6,7.0,6.0,1.73,1.49,0.87,1.1,3.68,0.99
12,2021-01-22 03:00:00,32.24918,7.0,4.99,1.73,1.49,0.88,1.1,3.68,0.99
12,2021-01-22 03:05:00,32.4935,11.0,4.99,1.73,1.49,0.88,1.1,3.73,1.0
12,2021-01-22 03:10:00,35.13468,7.98,4.99,1.95,1.6,0.88,1.1,3.67,1.0
12,2021-01-22 03:15:00,33.93512,11.0,4.99,1.94512,1.6,0.88,1.1,3.67,0.99
12,2021-01-22 03:20:00,34.90835,11.0,6.0,2.0,1.7,0.88,1.1,3.67,1.0
12,2021-01-22 03:25:00,35.09745,11.0,6.0,2.0,1.7,0.88,1.1,2.42378,0.99
12,2021-01-22 03:30:00,31.34206,11.0,7.73,1.73,1.6,0.88,1.1,3.68,0.99
12,2021-01-22 03:35:00,33.92013,11.0,6.0,1.95,1.6,0.88,1.1,3.68,0.99
12,2021-01-22 03:40:00,33.66783,7.98,6.75,1.73,1.54783,0.88,1.1,3.68,0.99
12,2021-01-22 03:45:00,30.15,11.68,10.99,1.73,1.03,0.88,1.1,4.49,1.0
12,2021-01-22 03:50:00,30.61,11.0,10.99,1.73,1.49,0.88,3.68,4.61,1.0
12,2021-01-22 03:55:00,25.71,11.68,11.55,1.0,1.0,0.87,1.1,7.3,0.99
12,2021-01-22 04:00:00,25.71,11.68,11.81,1.0,1.0,0.87,1.1,7.3,0.99
12,2021-01-22 04:05:00,32.33604,7.98,11.0,2.62,1.49,0.88,2.95,3.68,0.99
12,2021-01-22 04:10:00,32.36007,7.98,10.99,2.78,1.49,0.88,2.92572,3.68,0.99
12,2021-01-22 04:15:00,32.09309,7.98,11.0,3.10303,1.6,0.88,2.9519,3.68,0.99
12,2021-01-22 04:20:00,35.20002,7.98,13.95,5.73,1.7,0.88,1.23,3.67,0.99
12,2021-01-22 04:25:00,36.1567,7.98,11.0,3.68,1.6,0.88,1.23,3.67,1.0
12,2021-01-22 04:30:00,36.02071,13.48,11.0,3.0,1.6,0.88,1.23,3.67,1.03
12,2021-01-22 04:35:00,36.02071,11.68,11.0,3.68,1.6,0.88,1.23,3.67,1.03
12,2021-01-22 04:40:00,39.92517,11.68,11.0,5.0,1.6,0.88,1.23,3.68,1.03
12,2021-01-22 04:45:00,36.736,7.0,9.24,3.68,1.6,0.88,1.1,3.67,1.0
12,2021-01-22 04:50:00,40.73003,7.0,8.3,3.68,1.6,0.88,1.1,3.67,1.0
12,2021-01-22 04:55:00,36.19026,7.0,7.39417,3.0,1.6,0.88,1.23,3.67,1.03
12,2021-01-22 05:00:00,36.20335,7.0,8.3,4.0,2.0,0.88,1.23,3.68,1.0
12,2021-01-22 05:05:00,40.73004,9.99,7.73,3.68,1.98,0.88,1.1,3.68,1.03
12,2021-01-22 05:10:00,40.73003,9.99,6.0,4.0,1.95,0.88,0.81,1.99,0.95
12,2021-01-22 05:15:00,36.48407,6.59024,6.0,4.0,1.7,0.88,1.0,1.99,0.99
12,2021-01-22 05:20:00,39.99459,7.0,6.0,3.68,1.7,0.88,1.0,3.67,1.0
12,2021-01-22 05:25:00,40.73004,7.98,6.0,5.73,2.0,0.88,0.81,1.99,0.99
12,2021-01-22 05:30:00,36.7864,5.73,6.0,4.0,1.79285,0.88,1.0,1.99,0.95
12,2021-01-22 05:35:00,40.73003,10.98,10.99,4.20555,2.0,0.88,0.81,1.99,0.43
12,2021-01-22 05:40:00,40.99053,10.98,6.0,5.99048,2.29,0.88,0.99,3.67,0.99
12,2021-01-22 05:45:00,36.52682,10.98,10.99,5.73,2.0,0.88,0.81,1.99,0.44
12,2021-01-22 05:50:00,40.73004,9.92015,10.99,5.73,2.29,0.88,1.0,3.67,1.0
12,2021-01-22 05:55:00,36.28351,7.98,10.99,5.73,2.0,0.88,0.99,1.99,0.44
12,2021-01-22 06:00:00,36.28703,7.98,9.24,4.81909,2.0,0.88,0.99,1.99,0.79
12,2021-01-22 06:05:00,36.29676,5.15024,11.0,5.0,2.24726,0.88,0.5,1.95,0.43
12,2021-01-22 06:10:00,36.64465,7.98,7.73,4.74509,2.0,0.88,0.49,1.81,0.43
12,2021-01-22 06:15:00,36.33474,7.0,11.0,5.73,2.0,0.88,0.05,1.03,0.2
12,2021-01-22 06:20:00,35.15012,3.38,7.73,5.0,1.98,0.88,0.05,1.03,0.2
12,2021-01-22 06:25:00,35.25,3.76316,7.73,4.4,1.98,0.88,0.2,1.4,0.42
12,2021-01-22 06:30:00,33.0218,2.55,11.0,3.89,1.72912,0.88,0.05,1.03,0.2
12,2021-01-22 06:35:00,32.78253,1.58046,11.0,3.69253,1.7,0.88,0.05,1.03,0.2
12,2021-01-22 06:40:00,32.0053,2.81,11.0,3.0,1.6153,0.88,0.05,1.03,0.2
12,2021-01-22 06:45:00,30.87,2.81,13.95,2.0,1.49,0.87,0.2,1.03,0.2
12,2021-01-22 06:50:00,31.31995,2.81,13.95,2.43995,1.49,0.88,0.49,1.8,0.43
12,2021-01-22 06:55:00,30.38745,2.81,13.95,2.00745,1.0,0.87,0.4,1.4,0.42
12,2021-01-22 07:00:00,30.15,2.81,13.95,1.77,1.0,0.87,0.2,1.03,0.42
12,2021-01-22 07:05:00,30.1,2.55,10.47167,1.0,1.0,0.87,0.5,1.81,0.43
12,2021-01-22 07:10:00,30.1,2.62,13.95,1.0,1.0,0.87,0.4,1.4,0.42
12,2021-01-22 07:15:00,29.77784,7.98,11.0,1.0,1.0,0.87,0.21,1.8,0.42
12,2021-01-22 07:20:00,30.1,7.0,10.88,1.0,1.0,0.87,0.75789,1.81,0.43
12,2021-01-22 07:25:00,28.29026,9.99,14.0,1.0,1.0,0.87,0.2,1.03,0.2
12,2021-01-22 07:30:00,28.32492,1.5,10.31333,1.0,1.0,0.87,0.4,1.8,0.43
12,2021-01-22 07:35:00,27.90287,10.98,10.5725,1.0,0.99,0.87,0.21,3.67,0.99
12,2021-01-22 07:40:00,28.08254,11.0,10.35667,1.0,0.99,0.87,0.2,2.0,0.79
12,2021-01-22 07:45:00,27.70785,7.0,11.0,0.73,0.75,0.87,0.99,3.68,1.03
12,2021-01-22 07:50:00,27.90043,2.9033,11.0,0.99,0.99,0.87,0.99,3.68,1.03
12,2021-01-22 07:55:00,29.2509,7.0,11.0,1.0,0.99,0.87,1.0,3.81,1.03
12,2021-01-22 08:00:00,28.32167,7.0,11.0,1.0,0.99,0.87,0.99,3.68,1.03
12,2021-01-22 08:05:00,28.29041,9.99,14.0,0.73,0.75,0.87,0.2,1.4,0.42
12,2021-01-22 08:10:00,29.6423,7.0,11.0,0.73,0.75,0.87,0.82737,1.99,0.44
12,2021-01-22 08:15:00,28.27061,7.0,11.0,0.73,0.75,0.87,0.4,1.95,0.43
12,2021-01-22 08:20:00,28.3662,7.0,10.99,0.73,0.81,0.87,0.81,3.67,0.4575
12,2021-01-22 08:25:00,28.09474,7.0,10.32333,0.99,0.75,0.87,0.4,1.95,0.44
12,2021-01-22 08:30:00,28.0694,4.0695,10.32333,1.0,1.0,0.87,0.4,1.99,0.44
12,2021-01-22 08:35:00,26.95491,3.38,8.49,0.97,0.75,0.87,0.81,4.49,1.78
12,2021-01-22 08:40:00,28.27893,1.99,8.0725,1.0,0.99,0.87,0.81,3.68,0.79
12,2021-01-22 08:45:00,25.41,11.14407,11.0,1.0,1.0,0.87,0.05,3.67,0.2
12,2021-01-22 08:50:00,28.25886,4.25886,16.78,0.99,0.99,0.87,0.81,3.81,0.61286
12,2021-01-22 08:55:00,25.41,2.90828,11.0,1.0,1.0,0.87,0.2,3.68,0.42
12,2021-01-22 09:00:00,25.41,1.5,9.24,0.99,0.81,0.87,0.99,4.49,0.99
12,2021-01-22 09:05:00,26.94536,2.94546,8.49,0.73,0.75,0.87,0.94737,4.49,0.99
12,2021-01-22 09:10:00,25.0,3.38,8.24991,0.73,0.75,0.87,0.81,4.24991,0.99
12,2021-01-22 09:15:00,25.40997,11.0,8.2725,0.73,0.75,0.87,0.81,4.2725,0.99
12,2021-01-22 09:20:00,25.41,7.0,9.0625,0.6,0.73,0.87,0.81,4.61,1.78
12,2021-01-22 09:25:00,25.41,9.99,8.49,0.73,0.75,0.87,0.94737,4.49,0.99
12,2021-01-22 09:30:00,24.84,11.0,8.49,0.6,0.75,0.87,0.94737,4.49,0.99
12,2021-01-22 09:35:00,24.84,7.0,8.3,0.73,0.75,0.87,0.81,4.49,0.99
12,2021-01-22 09:40:00,24.84,7.0,9.32178,0.62,0.75,0.87,0.99,5.32178,1.78
12,2021-01-22 09:45:00,24.84,10.98,9.24,0.5,0.75,0.87,0.92211,5.24,1.78
12,2021-01-22 09:50:00,24.84,3.38,9.01028,0.4,0.73,0.8,0.81,5.01028,1.72778
12,2021-01-22 09:55:00,25.03393,3.38,8.5575,0.62,0.75,0.87,0.99,4.5575,0.99
12,2021-01-22 10:00:00,18.51,5.73,8.5,0.73,0.99,0.87,0.81,4.5,0.95
12,2021-01-22 10:05:00,26.51,10.66931,7.2825,0.4,0.75,0.87,0.81,6.27837,0.99
12,2021-01-22 10:10:00,25.41,3.38,7.5675,0.4,0.73,0.8,0.99,7.3,1.0
12,2021-01-22 10:15:00,25.41,5.73,8.0725,0.4,0.73,0.75,0.81,7.2925,0.79
12,2021-01-22 10:20:00,19.1212,7.0,10.99,0.6,0.75,0.87,0.99,7.3,0.99
12,2021-01-22 10:25:00,24.84,7.0,8.57333,0.6,0.75,0.87,1.0,7.3,0.99
12,2021-01-22 10:30:00,19.34688,11.0,10.99,0.6,0.75,0.87,2.02737,8.67,1.78
12,2021-01-22 10:35:00,25.41,7.0,8.9775,0.3,0.62,0.68,1.23,7.31683,1.03
12,2021-01-22 10:40:00,25.71,5.73,7.05333,0.3,0.73,0.75,0.4,4.5,0.42
12,2021-01-22 10:45:00,24.84,11.68,7.39417,0.4,0.75,0.87,1.23,8.19556,1.03
12,2021-01-22 10:50:00,25.41,11.0,6.99,0.4,0.75,0.87,1.0,7.3,0.99
12,2021-01-22 10:55:00,24.88149,11.0,6.99,0.4,0.73,0.8,1.0,7.3,0.99
12,2021-01-22 11:00:00,24.84,11.68,7.11921,0.4,0.73,0.87,1.0,7.3,0.99
12,2021-01-22 11:05:00,19.28403,5.73,9.64,0.4,0.73,0.87,1.0,8.67,1.78
12,2021-01-22 11:10:00,24.84,7.0,9.24,0.4,0.73,0.75,1.1,7.3,0.99
12,2021-01-22 11:15:00,24.84,10.712,8.3,0.25,0.62,0.8,1.0,7.3,1.70311
12,2021-01-22 11:20:00,23.85857,10.36,8.45417,0.3,0.62,0.8,0.95,7.3,0.95
12,2021-01-22 11:25:00,24.84,7.0,8.5,0.4,0.73,0.75,1.23,7.3,1.78
12,2021-01-22 11:30:00,25.41,10.98,8.99776,0.4,0.75,0.87,1.1,7.99776,1.03
12,2021-01-22 11:35:00,25.41,10.69344,8.9775,0.4,0.75,0.87,1.23,8.68,1.03
12,2021-01-22 11:40:00,25.41,10.531,8.77167,0.6,0.75,0.87,1.1,8.67,1.03
12,2021-01-22 11:45:00,30.15,11.0,6.39417,0.73,0.75,0.87,1.23,8.67,1.03
12,2021-01-22 11:50:00,28.35253,5.73,6.38009,0.73,0.99,0.87,0.99,3.73,0.44
12,2021-01-22 11:55:00,28.04602,7.0,8.08,0.99,1.0,0.87,0.81,4.08,0.42
12,2021-01-22 12:00:00,28.0609,5.73,6.72996,0.73,0.99,0.87,1.0,4.49,0.99
12,2021-01-22 12:05:00,30.1,11.0,8.18167,1.0,1.0,0.87,1.1,4.61,0.44
12,2021-01-22 12:10:00,30.1,7.0,7.7225,1.0,1.49,0.87,0.81,4.49,0.44
12,2021-01-22 12:15:00,30.15,6.14994,6.44,1.0,1.49,0.88,1.0,4.5,0.44
12,2021-01-22 12:20:00,30.1,11.68,6.44,1.0,1.49,0.88,1.0,4.1934,0.44
12,2021-01-22 12:25:00,30.15,7.0,7.7225,1.0,1.0,0.87,0.81,4.05985,0.44
12,2021-01-22 12:30:00,30.15,6.14994,6.44,1.0,1.0,0.87,1.0,3.68,0.44
12,2021-01-22 12:35:00,30.15,7.0,7.73,1.0,0.99,0.87,0.99,3.67,0.42
12,2021-01-22 12:40:00,30.15,5.73,7.05333,1.0,1.0,0.87,0.4,1.99,0.42
12,2021-01-22 12:45:00,30.15,3.38,7.73,1.0,1.0,0.87,0.95,1.99,0.22583
12,2021-01-22 12:50:00,30.1,3.38,7.7025,1.0,1.0,0.87,0.81,2.25715,0.42
12,2021-01-22 12:55:00,30.32003,11.68,8.3575,1.0,1.0,0.87,0.99,3.48868,0.79
12,2021-01-22 13:00:00,30.27449,11.0,7.7225,1.0,1.49,0.88,0.81,1.99,0.44
12,2021-01-22 13:05:00,30.15,5.73,6.0,1.28,1.49,0.87,0.99,1.99,0.79
12,2021-01-22 13:10:00,30.78119,11.07018,6.0,1.48,1.49,0.87,0.95,1.99,0.79
12,2021-01-22 13:15:00,31.02356,11.68,6.0,1.0,1.49,0.87,0.4,1.04032,0.44
12,2021-01-22 13:20:00,30.57983,13.8,6.0,1.0,1.49,0.87,0.4,1.0406,0.44
12,2021-01-22 13:25:00,30.36271,14.03,4.99,1.48,1.49,0.87,0.99,1.81,0.99
12,2021-01-22 13:30:00,30.96247,14.03,6.0,1.48,1.49,0.87,0.95,1.81,0.95
12,2021-01-22 13:35:00,31.05793,11.07046,6.0,1.0,1.0,0.87,1.0,3.73,0.99
12,2021-01-22 13:40:00,31.44027,14.73,4.99,1.48,1.49,0.87,1.23,4.49,1.03
12,2021-01-22 13:45:00,32.40213,10.36,6.0,1.49,1.0,0.87,1.23,3.73,1.03
12,2021-01-22 13:50:00,35.25,14.73,6.0,1.73,1.73,0.87,1.1,3.68,1.03
12,2021-01-22 13:55:00,34.52135,14.73,4.99,1.95,1.73,0.87,1.0,1.99,0.99
12,2021-01-22 14:00:00,38.7162,15.0,4.99,1.95,1.73,0.87,1.0,2.0,0.99
12,2021-01-22 14:05:00,35.25,13.32245,4.99,2.0,1.73,0.87,0.81,1.03,0.2
12,2021-01-22 14:10:00,35.34561,10.36,4.99,2.0,1.73,0.87,0.95,1.03,0.42
12,2021-01-22 14:15:00,40.2,11.0,4.99,2.0,1.73,0.87,0.4,1.03,0.18
12,2021-01-22 14:20:00,41.64684,15.73219,5.36,2.37679,2.0,0.87,0.81,1.03,0.2
12,2021-01-22 14:25:00,41.3043,17.30436,4.99,2.30427,1.73,0.87,0.4,1.03,0.18
12,2021-01-22 14:30:00,42.25003,17.79,4.99,3.0,1.98,0.87,0.99,1.8,0.42
12,2021-01-22 14:35:00,33.8381,17.79,4.99,2.0,1.98,0.87,1.23,3.68,1.03
12,2021-01-22 14:40:00,38.90077,29.43073,4.7793,3.68,2.0,0.87,1.23,3.73,1.03
12,2021-01-22 14:45:00,40.2,15.36,4.99,2.33,1.98,0.87,1.23,3.73,1.03
12,2021-01-22 14:50:00,40.2,16.20006,4.99,3.68,2.77,0.87,0.99,1.99,0.95
12,2021-01-22 14:55:00,38.61225,15.09226,4.99,6.09226,4.88,0.87,0.99,1.99,0.95
12,2021-01-22 15:00:00,40.2,16.97251,4.99,7.97251,4.84749,0.87,1.0,2.0,0.99
12,2021-01-22 15:05:00,34.08137,28.56,5.36,6.0,2.29,0.8,0.4,1.81,0.42
12,2021-01-22 15:10:00,33.43482,19.59482,5.36,4.0,2.05482,0.87,0.95,2.0,0.44
12,2021-01-22 15:15:00,32.9347,13.8,7.73,3.2647,2.29,0.87,0.2,1.8,0.44
12,2021-01-22 15:20:00,37.52347,15.0,9.24,6.46347,3.68,0.87,1.1,3.68,1.03
12,2021-01-22 15:25:00,40.2,15.27436,7.73,7.94,4.88,0.87,1.23,3.68,1.03
12,2021-01-22 15:30:00,53.44339,27.0518,11.0,20.24262,5.73,0.87,0.99,1.99,1.03
12,2021-01-22 15:35:00,34.25584,14.73,9.24,4.58584,2.29,0.87,0.2,1.8,0.42
12,2021-01-22 15:40:00,35.19999,21.35999,5.36,5.52999,2.29,0.87,0.81,1.95,0.99
12,2021-01-22 15:45:00,32.41347,15.36,10.99,3.03347,2.0,0.87,0.81,1.95,0.99
12,2021-01-22 15:50:00,34.28014,20.68,7.73,4.37243,2.29,0.87,1.0,3.68,1.0
12,2021-01-22 15:55:00,34.81725,22.99351,7.73,4.66725,2.77,0.87,0.59368,1.99,0.79
12,2021-01-22 16:00:00,44.35714,28.81295,10.99,13.29714,3.68,0.87,0.99,1.95,0.99
12,2021-01-22 16:05:00,33.48363,30.0,9.25,5.73,2.0,0.87,0.05,1.03,0.42
12,2021-01-22 16:10:00,33.53418,30.0,9.25,6.98,2.0,0.87,0.81,1.99,0.79
12,2021-01-22 16:15:00,38.50934,17.79,8.3,8.34934,2.78,0.87,0.81,1.95,0.99
12,2021-01-22 16:20:00,40.73009,20.68,14.0,9.95,3.40009,0.87,0.5,1.81,0.79
12,2021-01-22 16:25:00,38.83,15.0,11.0,8.68,2.77,0.87,0.81,2.0,0.99
12,2021-01-22 16:30:00,52.5167,25.74672,6.73667,19.51661,5.62009,0.87,0.2,1.4,0.42
12,2021-01-22 16:35:00,49.5,39.12,14.0,20.7,4.88,0.87,0.4,1.03,0.44
12,2021-01-22 16:40:00,46.11,30.0,5.36,13.73,5.0,0.87,0.5,1.81,0.79
12,2021-01-22 16:45:00,44.79998,18.65,9.25,13.73,4.92,0.87,0.2,1.81,0.44
12,2021-01-22 16:50:00,47.73007,19.19454,6.0,14.98,5.37007,0.87,0.03,1.03,0.2
12,2021-01-22 16:55:00,48.20232,19.69232,6.0,15.0,5.82232,0.87,0.03,1.03,0.2
12,2021-01-22 17:00:00,49.5,18.5,6.03705,16.24,5.88,0.87,0.03,1.03,0.42
12,2021-01-22 17:05:00,47.73007,30.0,5.36,16.26429,7.73,0.87,0.4,1.81,0.44
12,2021-01-22 17:10:00,34.90568,18.5,3.99,13.58,5.0,0.88,0.03,1.03,0.42
12,2021-01-22 17:15:00,34.91269,12.41,14.0,13.7,4.88,0.88,0.99,12.5474,1.03
12,2021-01-22 17:20:00,35.18945,10.70945,5.36,4.98,2.81945,0.88,0.99,13.44035,2.0
12,2021-01-22 17:25:00,40.73017,12.51662,14.73,8.34017,5.0,0.88,0.99,15.0,1.79
12,2021-01-22 17:30:00,44.7,15.192,14.0,10.0,7.192,0.88,0.99,10.0,1.03
12,2021-01-22 17:35:00,44.7,22.41571,12.36,9.5,7.73,0.88,0.05,2.65,1.03
12,2021-01-22 17:40:00,44.7,15.0,12.61,9.5,7.79,0.9,0.5,6.73,1.79
12,2021-01-22 17:45:00,49.63,18.5,11.85,13.73,8.49,0.9,0.5,4.95,1.03
12,2021-01-22 17:50:00,54.30541,18.5,10.56667,16.68,8.49,0.9,0.2,4.5,1.0
12,2021-01-22 17:55:00,55.33065,13.5,9.25,16.97853,8.49,0.9,0.03,1.03,0.2
12,2021-01-22 18:00:00,54.18299,18.5,9.25,16.62,8.49,0.9,0.05,3.81,0.43
12,2021-01-22 18:05:00,56.76532,21.57705,10.83167,18.10705,8.49,0.9,0.5,4.5,0.79
12,2021-01-22 18:10:00,57.18729,20.66886,11.0,17.19886,8.49,0.9,0.2,1.03,0.42
12,2021-01-22 18:15:00,56.72938,15.0,14.73,17.15581,8.49,0.9,0.05,1.03,0.42
12,2021-01-22 18:20:00,58.8,15.0,14.73,18.43883,8.49,0.9,0.4,1.81,0.79
12,2021-01-22 18:25:00,59.7,15.0,14.73,18.93579,8.49,0.9,0.2,1.03,0.42
12,2021-01-22 18:30:00,70.82,23.7,14.0,20.7,8.49,0.9,0.4,1.81,0.43
12,2021-01-22 18:35:00,200.11,52.30177,11.0,36.32943,15.0,0.9,0.5,1.95,0.44
12,2021-01-22 18:40:00,280.38485,91.19952,11.0,71.30952,16.62,0.9,0.5,2.0,0.44
12,2021-01-22 18:45:00,45.41996,18.65,9.99667,14.16,4.49,0.88,0.2,1.03,0.43
12,2021-01-22 18:50:00,57.42031,25.0,9.7175,19.55829,5.01675,0.88,0.03,1.03,0.42
12,2021-01-22 18:55:00,58.47375,25.20994,9.68,20.45,5.01675,0.88,0.4,1.03,0.43
12,2021-01-22 19:00:00,55.8133,24.94711,9.68,20.37422,5.01675,0.9,0.4,1.03,0.43
12,2021-01-22 19:05:00,73.46004,32.46,14.0,20.7,8.49,0.9,0.4,1.03,0.43
12,2021-01-22 19:10:00,59.38753,36.80715,20.55,16.80715,8.49,0.9,0.2,1.03,0.43
12,2021-01-22 19:15:00,62.19519,39.55,20.55,20.7,8.49,0.9,0.4,1.03,0.44
12,2021-01-22 19:20:00,57.18548,24.81612,14.73,15.42612,8.49,0.9,0.4,1.03,0.44
12,2021-01-22 19:25:00,58.02719,36.01715,11.0,16.32374,8.49,0.9,0.4,1.03,0.79
12,2021-01-22 19:30:00,56.86743,24.47901,9.75917,15.08901,8.49,0.9,0.05,1.03,0.43
12,2021-01-22 19:35:00,60.70001,29.23428,5.36,20.7,7.63428,0.9,0.05,1.03,0.42
12,2021-01-22 19:40:00,61.88617,27.7,3.99,20.7,6.1,0.9,0.4,1.4,0.43
12,2021-01-22 19:45:00,58.7112,25.71119,6.0,18.71119,7.0,0.9,0.05,1.03,0.2
12,2021-01-22 19:50:00,60.47935,27.35729,11.0,20.35729,7.0,0.9,0.2,1.03,0.42
12,2021-01-22 19:55:00,59.14794,25.9945,12.36,20.2645,5.73,0.9,0.05,1.03,0.2
12,2021-01-22 20:00:00,55.74004,25.38826,6.0,15.0,8.49,0.9,0.05,1.03,0.42
12,2021-01-22 20:05:00,57.14651,24.34253,6.0,15.85207,8.49,0.9,0.4,1.03,0.43
12,2021-01-22 20:10:00,57.69246,24.96563,4.99,16.47517,8.49,0.9,0.2,1.03,0.43
12,2021-01-22 20:15:00,56.20939,21.00941,4.78366,12.51941,8.49,0.9,0.2,1.03,0.42
12,2021-01-22 20:20:00,55.52252,13.73396,6.0,9.89,8.49,0.9,0.05,1.03,0.2
12,2021-01-22 20:25:00,55.73004,18.5,13.95,9.55619,8.49,0.9,0.4,1.8,0.43
12,2021-01-22 20:30:00,54.72583,15.0,13.95,9.5,8.49,0.9,0.2,1.03,0.44
12,2021-01-22 20:35:00,51.54617,14.73,13.95,9.5,5.08,0.9,0.05,1.03,0.2
12,2021-01-22 20:40:00,50.50248,13.0,9.45,9.5,4.49,0.89,0.05,1.03,0.2
12,2021-01-22 20:45:00,43.01853,8.0,6.2475,7.73,2.78,0.88,0.03,1.03,0.2
12,2021-01-22 20:50:00,37.99385,7.13862,9.25,6.0,2.7126,0.88,0.05,1.81,0.79
12,2021-01-22 20:55:00,38.28696,7.02754,7.06917,6.98152,2.69604,0.88,0.05,1.8,0.99
12,2021-01-22 21:00:00,37.01,10.24003,9.14878,6.0,2.77,0.88,0.05,1.99,0.99
12,2021-01-22 21:05:00,40.73009,10.36,10.99,7.745,2.0,0.88,0.81,2.65,1.0
12,2021-01-22 21:10:00,46.91396,14.73,10.99,15.0,4.52399,0.88,0.5,1.99,0.99
12,2021-01-22 21:15:00,44.25,7.98,10.99,7.73,2.0,0.88,0.05,1.03,0.42
12,2021-01-22 21:20:00,38.82238,7.0,5.36,5.0,1.73,0.88,0.05,1.03,0.2
12,2021-01-22 21:25:00,38.19584,5.48,3.8,4.98,1.7,0.88,0.05,1.03,0.2
12,2021-01-22 21:30:00,35.20002,5.48,3.8,4.36433,1.6,0.88,0.05,1.03,0.42
12,2021-01-22 21:35:00,38.14634,7.89,3.31388,4.96258,1.7,0.88,0.2,1.03,0.42
12,2021-01-22 21:40:00,38.13507,7.0,2.5,4.0,1.73,0.88,0.4,1.8,0.44
12,2021-01-22 21:45:00,36.21529,7.98,2.5,3.0,1.49,0.88,0.05,1.03,0.42
12,2021-01-22 21:50:00,36.46164,7.98,2.5,3.68,1.49,0.88,0.81,1.8,0.44
12,2021-01-22 21:55:00,36.89959,7.98,2.5,3.89,1.7,0.88,0.4,1.4,0.44
12,2021-01-22 22:00:00,34.59567,7.89,2.5,3.68,1.6,0.88,0.2,1.03,0.42
12,2021-01-22 22:05:00,54.10403,9.99,3.8,4.99,2.0,0.88,0.2,1.03,0.42
12,2021-01-22 22:10:00,49.5,10.36,3.99,6.09,2.0,0.88,0.2,1.03,0.42
12,2021-01-22 22:15:00,43.65834,8.65832,6.0,4.40832,1.98,0.88,0.2,1.03,0.42
12,2021-01-22 22:20:00,36.00806,9.241,3.99,3.0,1.73,0.88,0.2,1.03,0.42
12,2021-01-22 22:25:00,39.17482,7.98,4.99,3.68,1.73,0.88,0.2,1.03,0.42
12,2021-01-22 22:30:00,39.09429,7.98,4.99,3.0,1.73,0.88,0.2,1.03,0.42
12,2021-01-22 22:35:00,39.45218,7.98,4.99,3.0,1.73,0.88,0.2,1.03,0.42
12,2021-01-22 22:40:00,36.1727,9.241,4.99,2.78,1.49,0.88,0.4,1.4,0.44
12,2021-01-22 22:45:00,37.17238,7.98,6.0,2.0,1.7,0.88,0.99,1.81,0.99
12,2021-01-22 22:50:00,35.57411,7.98,4.99,2.0,1.6,0.88,0.5,1.8,0.99
12,2021-01-22 22:55:00,34.39258,8.88976,4.99,2.78,1.6,0.88,0.4,1.8,0.44
12,2021-01-22 23:00:00,34.72581,8.75134,6.0,2.78,1.6,0.88,0.99,1.95,0.99
12,2021-01-22 23:05:00,35.71778,8.57692,6.0,2.95,1.7,0.88,0.2,1.03,0.42
12,2021-01-22 23:10:00,35.2,8.57692,7.73,2.95,1.6,0.88,0.2,1.03,0.42
12,2021-01-22 23:15:00,37.32439,8.57692,6.0,3.0,1.73,0.88,0.4,1.4,0.44
12,2021-01-22 23:20:00,36.87458,7.98,6.0,3.24639,1.73,0.88,0.4,1.8,0.44
12,2021-01-22 23:25:00,33.62255,9.241,4.99,2.95,1.7,0.88,0.2,1.03,0.42
12,2021-01-22 23:30:00,33.48061,7.98,4.99,2.95,1.6,0.88,0.4,1.4,0.44
12,2021-01-22 23:35:00,47.50431,9.99,3.99,3.0,1.6,0.88,1.0,1.81,0.79
12,2021-01-22 23:40:00,35.89485,7.98,5.56523,2.78,1.6,0.88,0.81,1.4,0.44
12,2021-01-22 23:45:00,35.2,9.241,4.99,2.0,1.6,0.88,0.99,1.8,0.79
12,2021-01-22 23:50:00,34.51799,9.241,6.0,2.0,1.6,0.88,0.99,1.81,0.79
12,2021-01-22 23:55:00,32.8032,8.57692,6.0,2.0,1.6,0.88,0.81,1.8,0.44
