,REGIONID,DATETIME,RRPEEP1,RRPEEP2,RRPEEP3,RRPEEP4,RRPEEP5,RRPEEP6,RRPEEP7,RRPEEP8,RRPEEP9,RRPEEP10,RRPEEP11,RRPEEP12,RRPEEP13,RRPEEP14,RRPEEP15,RRPEEP16,RRPEEP17,RRPEEP18,RRPEEP19,RRPEEP20,RRPEEP25,RRPEEP26,RRPEEP27,RRPEEP28,RRPEEP29,RRPEEP30,RRPEEP31,RRPEEP32,RRPEEP33,RRPEEP34,RRPEEP35,RRPEEP36,RRPEEP37,RRPEEP38,RRPEEP39,RRPEEP40,RRPEEP41,RRPEEP42,RRPEEP43
0,NSW1,2021/03/12 00:00:00,35.5801,35.5801,35.5801,35.5795,39.12008,35.47,56.95121,35.5801,35.5801,35.5801,35.5795,39.12008,35.47,35.5801,35.5801,35.5801,35.5801,35.5801,35.5801,35.5801,35.5801,35.47,45.32004,32.49983,35.5801,35.5801,35.5801,35.5795,36.89905,35.47,51.99995,35.5801,35.5801,35.5801,35.5801,35.5801,35.5801,35.5801,35.5801
1,QLD1,2021/03/12 00:00:00,34.58828,34.58828,34.58828,34.5877,38.02959,34.48125,52.9513,34.58828,34.58828,34.58828,34.5877,38.02959,34.48125,34.58828,34.58828,34.58828,34.58828,34.58828,34.58828,34.58828,35.20738,33.7207,43.73009,30.44197,35.20738,33.82537,35.90336,33.32664,38.95,31.31653,195.0,34.58828,34.58828,34.58828,34.58828,34.58828,34.58828,34.58828,34.58828
2,SA1,2021/03/12 00:00:00,98.6,98.6,98.6,98.6,98.6,98.6,98.6,98.6,98.6,98.6,98.6,98.6,98.6,532.21533,119.0,76.37,119.0,62.0,379.95,48.2477,119.0,76.37,119.4807,62.0,98.6,98.6,98.6,98.6,98.6,98.6,98.6,98.6,98.6,98.6,98.6,98.6,98.6,98.6,15000.0
3,TAS1,2021/03/12 00:00:00,32.92199,32.92199,32.92199,32.92144,36.19847,32.82009,51.23192,33.54627,32.30723,34.18029,31.70124,55.843,29.84649,447.62698,32.92199,32.92199,32.92199,32.92199,32.92199,32.92199,33.54627,32.20723,43.53969,28.95643,32.92199,32.92199,32.92199,32.92144,34.14277,32.82009,48.11963,33.4959,32.27558,34.17227,31.64473,34.86572,31.10786,58.50666,32.92199
4,VIC1,2021/03/12 00:00:00,35.34711,35.34711,35.34711,35.34651,38.8639,35.23773,55.0,36.01717,34.68726,36.6977,34.03682,60.57673,32.04602,490.52807,35.34711,35.34711,35.34711,35.34711,35.34711,35.34711,36.01717,34.57992,46.74357,31.09068,35.34711,35.34711,35.34711,35.34651,36.65742,35.23773,51.65943,35.68085,35.01592,36.01717,34.68726,36.35611,34.36109,37.04196,35.34711
0,NSW1,2021/03/12 00:30:00,35.5801,35.5801,39.12008,35.5801,41.8,35.47,59.29278,35.5801,35.5801,39.12008,35.5801,41.8,35.47018,41.8,35.5801,35.5801,35.5801,35.5801,35.5801,35.5801,39.1501,35.55,45.49028,32.5,35.5801,35.5801,38.3298,35.5801,41.18939,35.47018,41.8,35.5801,35.5801,35.5801,35.5801,39.12008,35.5801,39.1501,35.5801
1,QLD1,2021/03/12 00:30:00,35.30848,35.30848,38.82144,35.30848,40.56361,35.19922,55.73003,35.30848,35.30848,38.82144,35.30848,40.56361,35.1994,40.56361,35.30848,35.30848,35.30848,35.30848,35.30848,35.30848,38.9,34.49848,44.80744,31.0731,36.1094,34.52769,38.9,34.01796,43.73009,31.96198,288.0,35.30848,35.30848,35.30848,35.30848,38.82144,35.30848,38.85123,35.30848
2,SA1,2021/03/12 00:30:00,62.0,62.0,62.0,62.0,62.0,62.0,62.9808,62.0,62.0,62.0,62.0,62.0,62.0,73.92906,62.0,61.0,62.0,55.83,379.95,41.0,62.0,61.0,62.0,55.83,62.0,62.0,62.0,62.0,62.0,62.0,62.0,62.0,62.0,62.0,62.0,62.0,62.0,62.0,13100.02
3,TAS1,2021/03/12 00:30:00,31.68097,31.68097,34.83397,31.68097,37.22093,31.58291,50.57021,32.28518,31.08587,36.17285,30.49966,41.26412,28.70348,59.06,31.68097,31.68097,31.68097,31.68097,31.68097,31.3823,35.52554,31.05956,42.0647,27.85853,31.68097,31.68097,34.13008,31.68097,36.67707,31.58307,37.22093,32.31759,31.0597,32.88286,30.53093,36.88789,14.2,49.66413,31.68097
4,VIC1,2021/03/12 00:30:00,34.28203,34.28203,37.69286,34.28203,40.27501,34.17594,55.0,34.93564,33.63826,39.14122,33.00411,44.64882,31.06105,65.22709,34.28203,34.28203,34.28203,34.28203,34.28203,33.95893,38.44098,33.6098,45.51487,30.14701,34.28203,34.28203,36.93141,34.28203,39.68667,34.17612,40.27501,34.60759,33.95893,34.93564,33.63826,38.77496,33.32,39.91288,34.28203
0,NSW1,2021/03/12 01:00:00,35.5801,35.55,35.5801,35.55,39.12008,32.5,46.14349,35.5801,35.55,35.5801,35.55,39.15005,34.35902,39.12008,35.5797,35.5797,35.5797,35.5797,35.5797,35.55,39.12,35.46974,41.8,31.52263,35.5801,35.55,35.5801,35.55,39.12,32.5,39.15005,35.5801,35.5797,35.5801,35.55,35.5801,35.55,35.5801,35.5797
1,QLD1,2021/03/12 01:00:00,34.73709,34.7077,34.73709,34.7077,38.19319,31.72997,43.73009,34.73709,34.7077,34.73709,34.7077,38.22245,33.54493,38.19319,34.7367,34.7367,34.7367,34.7367,34.7367,34.7077,38.76693,33.86513,41.42274,29.53531,35.25898,33.94176,36.05861,33.30878,41.16286,28.81654,100.0,34.73709,34.7367,34.73709,34.7077,34.73709,34.7077,34.73709,34.7367
2,SA1,2021/03/12 01:00:00,62.0,62.0,62.0,62.0,62.0,62.0,62.0,62.0,62.0,62.0,62.0,62.0,62.0,83.65476,62.0,62.0,98.6,43.732,119.0,38.59264,62.0,62.0,98.6,41.0,62.0,62.0,62.0,62.0,62.0,62.0,62.0,62.0,62.0,62.0,62.0,62.0,62.0,62.0,13100.02
3,TAS1,2021/03/12 01:00:00,31.92177,31.89475,31.92177,31.89475,35.09873,29.15752,41.40191,32.53091,31.29528,33.14942,30.70477,38.94326,28.01359,66.87047,31.92141,31.92141,31.92141,31.62029,31.92141,31.29528,35.76841,31.22461,38.9461,28.01359,31.92177,31.89475,31.92177,31.89475,35.09866,29.15752,35.12563,32.48085,31.29187,33.13958,30.65188,33.81495,30.12932,58.67456,31.92141
4,VIC1,2021/03/12 01:00:00,34.18385,34.15493,34.18385,34.15493,37.58491,31.22462,44.3327,34.83596,33.51317,35.4981,32.881,41.70062,30.0,73.10042,34.18346,34.18346,34.18346,33.86111,34.18346,33.51317,38.30182,33.43751,41.70367,30.0,34.18385,34.15493,34.18385,34.15493,37.58483,31.22462,37.6137,34.50866,33.86111,34.83596,33.51317,35.16576,33.1959,35.83301,34.18346
0,NSW1,2021/03/12 01:30:00,35.55,35.46974,35.5797,32.5,35.5801,30.73096,41.8,35.55,35.46974,35.5797,33.36656,35.5801,32.5,38.66263,35.55,35.55,35.55,35.47,35.55,32.53166,35.5801,32.22286,39.15005,26.29386,35.55,35.46974,35.5797,32.5,35.5801,31.02259,36.36056,35.55,35.47018,35.55,35.47,35.55,35.46974,35.5797,35.55
1,QLD1,2021/03/12 01:30:00,34.13982,34.06274,34.16834,31.2108,34.16872,29.51194,39.25774,34.13982,34.06274,34.16834,32.04299,34.16872,31.2108,37.12898,34.13982,34.13982,34.13982,34.06299,34.13982,31.24121,34.68098,30.26308,38.9,25.25085,34.65164,33.31248,35.46531,30.07441,37.65962,27.06081,55.96001,34.13982,34.06316,34.13982,34.06299,34.13982,34.06274,34.16834,34.13982
2,SA1,2021/03/12 01:30:00,43.56664,43.46828,43.60303,42.0,43.60352,42.0,51.22603,44.3998,42.64944,45.28351,42.0,48.35217,42.0,74.41676,60.44,42.0,62.0,38.43686,119.0,33.53684,60.44,38.02834,62.0,28.76514,43.56664,43.46828,43.60303,42.0,43.60352,42.0,44.55998,43.98164,43.05786,44.3998,42.64976,44.82114,42.24461,45.71171,1015.88
3,TAS1,2021/03/12 01:30:00,31.50069,31.42955,31.52701,29.07167,31.52736,28.01359,37.04049,32.10328,30.83731,32.74245,28.73279,34.96191,27.03278,60.58316,31.80084,31.50069,31.80084,31.13254,31.80084,28.01359,32.43548,28.01359,36.36984,23.29634,31.50069,31.42955,31.52701,29.07167,31.52736,28.01359,32.21914,32.05315,30.80935,32.70395,30.20354,33.3712,29.61213,58.77166,31.80084
4,VIC1,2021/03/12 01:30:00,33.73307,33.65691,33.76125,31.13271,33.76163,30.0,39.66363,34.37817,33.0229,35.06242,30.76993,37.43844,28.95,66.56868,34.0544,33.73307,34.0544,33.33895,34.0544,30.0,34.7338,30.0,38.94568,24.95,33.73307,33.65691,33.76125,31.13271,33.76163,30.0,34.5022,34.0544,33.33912,34.37817,33.02314,34.70441,32.70944,35.39397,34.0544
0,NSW1,2021/03/12 02:00:00,34.7998,32.5,35.47,31.66123,35.5798,27.16077,41.46324,33.96377,32.5,35.47,32.5,35.55112,27.36349,38.65018,32.5,32.5,32.5,32.5,32.5,32.5,35.55008,27.97969,39.15005,22.11009,34.61474,32.5,35.47,31.66123,35.5798,29.69769,35.5801,32.5,32.5,32.5,32.5,35.46974,32.5,35.47,32.5
1,QLD1,2021/03/12 02:00:00,33.1366,30.94672,33.77477,30.14804,33.87932,26.25,38.9,32.34052,30.94672,33.77477,30.94672,33.85202,26.25,36.80296,30.94672,30.94672,30.94672,30.94672,30.94672,30.94672,34.35799,26.25,38.69242,21.85165,33.45402,30.26573,35.05539,28.83732,37.33625,26.25,55.73003,30.94672,30.94672,30.94672,30.94672,33.77452,30.94672,33.77477,30.94672
2,SA1,2021/03/12 02:00:00,41.95909,39.39773,41.95909,39.39773,41.95909,35.41439,47.05324,41.95909,39.39773,42.0,39.37576,44.75513,32.81266,66.92584,51.46,35.52273,62.0,34.43989,87.71667,33.15966,52.21028,32.05277,62.0,24.05052,41.95909,39.39773,41.95909,39.39773,41.95909,38.08954,41.95909,39.77178,39.39773,40.15074,39.39773,42.0,39.39773,42.2067,1015.13
3,TAS1,2021/03/12 02:00:00,30.50025,28.48395,30.91018,28.01359,30.91018,24.95702,35.99781,30.338,28.01359,31.98528,27.94596,34.23918,22.86075,55.38,28.48395,28.21395,28.48395,28.01359,28.48395,27.94596,31.75542,24.99104,35.64002,19.5599,30.338,28.48395,30.91018,28.01359,30.91018,27.03278,30.91018,28.98413,27.92091,29.57325,27.43766,32.62527,27.22774,58.92965,28.48395
4,VIC1,2021/03/12 02:00:00,32.66206,30.50353,33.10091,30.0,33.10091,26.72782,38.5474,32.48837,30.0,34.25184,29.9276,36.66472,24.48368,59.919,30.50353,30.21449,30.50353,30.0,30.50353,29.9276,34.00577,26.76424,38.16438,20.95,32.48837,30.50353,33.10091,30.0,33.10091,28.95,33.10091,30.79476,30.21449,31.08819,30.0,33.92892,30.0,34.57698,30.50353
0,NSW1,2021/03/12 02:30:00,35.47,32.5,35.47,32.5,35.5801,30.06629,41.8,35.47,32.67378,35.47,32.5,35.5801,32.5,37.26339,35.47,32.67378,35.47,32.67378,35.47,32.5,35.5801,31.23062,35.5801,25.38112,35.47,32.5,35.47,32.5,35.5801,30.3524,35.5801,35.47,32.67378,35.47,32.67378,35.47,32.67378,35.47,35.47
1,QLD1,2021/03/12 02:30:00,33.51133,30.70533,33.51133,30.70533,33.61535,28.40602,38.91055,33.51133,30.86952,33.51133,30.70533,33.61535,30.70533,35.20568,33.51133,30.86952,33.51133,30.86952,33.51133,30.70533,34.37296,29.07179,35.14979,24.52,34.26659,30.25342,35.04102,29.58926,37.32113,26.3,55.74003,33.51133,30.86952,33.51133,30.86952,33.51133,30.86952,33.51133,33.51133
2,SA1,2021/03/12 02:30:00,42.0,39.63769,42.0,39.63769,42.0,38.08954,47.7438,42.0,39.47102,42.0858,38.88728,44.67336,37.7823,62.0,53.32,35.9279,62.0,34.45771,117.16556,32.91536,53.32,35.33808,62.0,27.11035,42.0,39.63769,42.0,39.63769,42.0,38.08954,42.0,42.0,39.47102,42.0,39.47102,42.0,39.47102,42.0,578.81
3,TAS1,2021/03/12 02:30:00,31.19474,28.58189,31.19474,28.58189,31.2916,27.46516,36.31733,31.49344,28.46166,32.09762,28.04059,33.9811,27.24354,52.37179,31.19474,28.46166,31.19474,28.46166,31.19474,28.04059,31.89311,27.46516,32.41734,22.31908,31.19474,28.58189,31.19474,28.58189,31.2916,27.46516,31.2916,31.77403,28.16137,32.16,27.94028,32.67532,27.65083,995.3,31.19474
4,VIC1,2021/03/12 02:30:00,32.87979,30.12668,32.87979,30.12668,32.98185,28.95,38.3794,33.19453,30.0,33.83115,29.55633,35.91119,28.71649,55.34082,32.87979,30.0,32.87979,30.0,32.87979,29.55633,33.61566,28.95,34.25909,23.52766,32.87979,30.12668,32.87979,30.12668,32.98185,28.95,32.98185,33.13318,30.0,33.19453,30.0,33.51164,30.0,33.51164,32.87979
0,NSW1,2021/03/12 03:00:00,34.6601,32.5,35.47,32.5,35.5801,27.85386,41.8,34.6601,32.5,35.47,32.5,35.55,32.5,39.15005,32.5,32.5,32.5,32.5,32.5,32.5,35.55,30.92989,35.5801,22.81377,34.6601,32.5,35.47,32.5,35.5801,30.34789,35.5801,32.5,32.5,34.6601,32.5,34.80981,32.5,34.8001,32.5
1,QLD1,2021/03/12 03:00:00,32.48475,30.46022,33.24382,30.46022,33.34701,26.3,38.9,32.48475,30.46022,33.24382,30.46022,33.3188,30.46022,36.6929,30.46022,30.46022,30.46022,30.46022,30.46022,30.46022,33.9202,28.35182,34.60893,22.35698,33.07109,29.79106,34.50183,29.35393,36.74189,26.25,49.61,30.46022,30.46022,32.48475,30.46022,32.62506,30.46022,32.61596,30.46022
2,SA1,2021/03/12 03:00:00,40.34622,38.02834,41.28899,38.02834,41.41715,34.78,46.40908,41.12312,37.83175,42.0,37.11403,43.80468,36.40684,62.0,51.31,34.63553,62.0,33.93122,89.20524,32.2704,52.1999,33.42328,62.0,23.94098,40.34622,38.02834,41.28899,38.02834,41.41715,36.69735,41.41715,38.19463,38.02834,41.12312,37.83175,41.69529,37.47156,41.68365,578.81
3,TAS1,2021/03/12 03:00:00,30.11676,28.38599,30.82072,28.38599,30.91642,25.62066,35.88145,30.69687,28.2392,32.01704,27.70328,33.86729,27.17522,51.4632,28.51016,28.38599,28.51016,28.2392,28.51016,27.70328,31.78613,27.39214,32.33618,19.81992,30.11676,28.38599,30.82072,28.38599,30.91642,27.39214,30.91642,28.81662,28.16137,31.37403,27.72324,32.16,27.17547,995.32,28.51016
4,VIC1,2021/03/12 03:00:00,31.82854,30.0,32.57228,30.0,32.67338,27.07844,38.01969,32.44143,29.84491,33.83618,29.27871,35.88609,28.72083,54.81458,30.13118,30.0,30.13118,29.84491,30.13118,29.27871,33.59223,28.95,34.26417,20.95,31.82854,30.0,32.57228,30.0,32.67338,28.95,32.67338,30.13118,30.0,32.44143,29.84491,32.8928,29.56076,32.88362,30.13118
0,NSW1,2021/03/12 03:30:00,33.05205,32.5,34.6601,31.59142,35.5801,26.97938,41.8,32.5,32.5,34.6601,32.5,35.5801,27.38376,41.8,32.5,32.5,32.5,32.5,32.5,32.5,35.55,28.00037,39.1501,22.80693,33.05205,32.5,34.6601,31.59142,35.5801,29.9258,35.5801,32.5,32.5,32.5,32.5,32.5,32.5,32.5,32.5
1,QLD1,2021/03/12 03:30:00,31.21654,30.69515,32.73529,29.83702,33.6042,26.25,38.9,30.69515,30.69515,32.73529,30.69515,33.6042,26.25,38.9,30.69515,30.69515,30.69515,30.69515,30.69515,30.69515,34.07813,26.25,38.3765,22.52359,31.6836,30.02029,33.97522,28.75254,37.02898,26.25,49.61,30.69515,30.69515,30.69515,30.69515,30.69515,30.69515,30.69515,30.69515
2,SA1,2021/03/12 03:30:00,34.46871,34.21895,35.80065,33.26231,36.75092,29.59432,42.54406,34.46871,33.56947,37.19633,33.26231,40.41513,24.14018,58.05331,37.31987,33.37528,41.99,32.54838,62.0,31.42087,40.91529,29.03099,48.57214,23.40364,34.46871,34.21895,35.80065,33.26231,36.75092,32.73178,36.75092,34.46871,33.893,34.46871,33.56947,34.54733,33.26231,34.54733,379.95
3,TAS1,2021/03/12 03:30:00,28.38599,28.18023,29.48326,27.39214,30.26611,24.30017,35.1251,28.38599,27.64518,30.63304,27.39214,33.19648,19.81992,48.18,28.38599,27.91171,28.38599,27.64518,28.38599,27.39214,31.12167,24.27731,34.84079,19.77259,28.38599,28.18023,29.48326,27.39214,30.26611,26.95508,30.26611,28.69112,27.618,29.01293,27.14007,29.39854,26.61379,995.3,28.38599
4,VIC1,2021/03/12 03:30:00,30.0,29.78261,31.15925,28.95,31.98633,25.68336,37.21848,30.0,29.21733,32.37399,28.95,35.17549,20.95,51.04757,30.0,29.49893,30.0,29.21733,30.0,28.95,32.89022,25.65921,36.91732,20.9,30.0,29.78261,31.15925,28.95,31.98633,28.48825,31.98633,30.0,29.49893,30.0,29.21733,30.06842,28.95,30.06842,30.0
0,NSW1,2021/03/12 04:00:00,34.8101,32.5,35.47,32.5,35.5801,27.37464,41.8,34.8001,32.5,35.47,32.5,35.5801,27.6313,41.8,32.83259,32.5,34.8101,32.5,35.47,32.5,35.5801,28.25298,39.96752,24.5801,34.8001,32.5,35.47,32.5,35.5801,30.19451,35.5801,32.83259,32.5,34.8001,32.5,35.47,32.5,35.47,35.47
1,QLD1,2021/03/12 04:00:00,33.13292,30.93413,33.76103,30.93413,33.86582,26.25,38.91059,33.1234,30.93413,33.76103,30.93413,33.86582,26.3,38.91059,31.25069,30.93413,33.13292,30.93413,33.76103,30.93413,34.37299,26.3,38.9,24.28285,33.61945,30.25345,35.04106,29.58928,37.32117,26.3,55.74007,31.25069,30.93413,33.1234,30.93413,33.76103,30.93413,33.76103,33.76103
2,SA1,2021/03/12 04:00:00,35.13379,33.43727,35.79983,33.43727,35.91095,29.25813,42.0,35.80371,32.80221,37.1964,32.59717,39.49369,26.83193,62.0,34.30454,32.60826,37.36688,31.79573,53.44,30.77669,37.5322,28.8947,43.71502,24.04745,35.1237,33.43727,35.79983,33.43727,35.91095,32.27202,35.91095,33.77945,33.11857,35.80371,32.80221,36.84335,32.59717,36.84335,350.0
3,TAS1,2021/03/12 04:00:00,29.60319,28.17326,30.16457,28.17326,30.25823,24.6508,35.45501,30.16784,27.63798,31.34169,27.46516,33.18952,22.60584,53.20049,28.46166,27.90463,30.17651,27.63798,31.34169,27.46516,31.14051,24.72562,35.8995,20.9005,29.59469,28.17326,30.16457,28.17326,30.25823,27.1911,30.25823,28.76843,27.61021,30.83531,27.13169,32.08022,26.68272,995.32,31.34169
4,VIC1,2021/03/12 04:00:00,31.20281,29.69611,31.79433,29.69611,31.89302,25.98456,37.46836,31.79777,29.1321,33.03464,28.95,35.07489,23.82981,56.21634,30.0,29.41306,31.80691,29.1321,33.03464,28.95,32.82266,26.06338,37.93797,22.03292,31.19385,29.69611,31.79433,29.69611,31.89302,28.66123,31.89302,30.0,29.41306,31.79777,29.1321,32.72109,28.95,32.72109,33.03464
0,NSW1,2021/03/12 04:30:00,35.55,35.46,35.58015,35.46,35.58015,32.5,57.60751,35.55,35.46028,35.58015,35.46,35.58015,33.28108,47.64298,35.55,35.47,35.55,35.46028,35.58015,35.46,35.58015,32.5,46.25187,28.65327,35.55,35.46,35.58015,35.46,35.58015,32.5,41.90063,35.55,35.47,35.55,35.47,35.55,35.46028,35.55,35.58015
1,QLD1,2021/03/12 04:30:00,33.61172,33.52663,33.64022,33.52663,33.64022,30.72801,51.33673,33.61172,33.52689,33.64022,33.52663,33.64022,31.46651,43.73009,33.61172,33.53608,33.61172,33.52689,33.64022,33.52663,34.39846,30.27573,43.73009,26.3,34.36931,33.03315,35.17595,32.30791,37.34915,28.12104,68.81003,33.61172,33.53608,33.61172,33.53608,33.61172,33.52689,33.61172,33.64022
2,SA1,2021/03/12 04:30:00,36.51179,36.41935,36.54275,36.41935,36.54275,33.6992,56.60008,37.21433,35.72925,37.8193,35.04872,39.79228,32.26594,62.0,37.43728,35.52458,38.38155,34.78,44.76451,32.90684,38.18852,32.86265,50.11553,28.74135,36.51179,36.41935,36.54275,36.41935,36.54275,33.6992,42.0,36.86174,36.08305,36.99926,35.73904,37.02218,35.72925,37.21433,119.0
3,TAS1,2021/03/12 04:30:00,31.24717,31.16804,31.27368,31.16804,31.27368,29.15189,48.3,31.8486,30.65942,32.28,30.15631,33.51658,27.9116,53.74748,31.54676,30.88014,31.8486,30.65942,32.28,30.15631,32.17999,28.87503,41.56513,25.66727,31.24717,31.16804,31.27368,31.16804,31.27368,29.15189,35.5607,31.88862,30.63383,32.28,30.10159,32.3,29.93542,59.12063,32.28
4,VIC1,2021/03/12 04:30:00,32.7595,32.67657,32.78729,32.67657,32.78729,30.23597,51.58169,33.38984,32.05739,33.93265,31.4468,35.70286,28.95,57.70007,33.07349,32.37483,33.38984,32.05739,34.02332,31.4468,33.73716,29.94891,44.27393,26.46842,32.7595,32.67657,32.78729,32.67657,32.78729,30.23597,37.87969,33.07349,32.37483,33.19688,32.06617,33.21745,32.05739,33.38984,34.05858
0,NSW1,2021/03/12 05:00:00,35.55,35.47,35.58005,32.55915,39.12,30.24676,54.38173,35.55,35.47,35.58005,35.27,38.97678,32.5,46.88369,35.55,35.55,35.55,35.47,35.58005,34.16032,39.12,31.72136,45.17514,27.31986,35.55,35.47,35.58005,32.87188,37.01012,30.53493,41.30985,35.55,35.55,35.55,35.47,35.58005,35.47,35.58005,35.58005
1,QLD1,2021/03/12 05:00:00,34.41284,34.33539,34.44192,31.51765,37.86864,29.27923,49.61,34.41284,34.33539,34.44192,34.14179,37.73,31.4604,43.73009,34.41284,34.41284,34.41284,34.33539,34.44192,33.06761,38.71019,30.25349,43.73009,26.25,35.19078,33.82866,36.01916,30.66078,38.9,27.04504,100.0,34.41284,34.41284,34.41284,34.33539,34.44192,34.33539,34.44192,34.44192
2,SA1,2021/03/12 05:00:00,35.4118,35.33211,35.44173,32.74409,38.96792,31.59805,50.72488,36.09462,34.66088,36.81882,33.80776,41.62416,30.85291,62.0,36.31531,34.52627,37.23716,33.58264,39.17039,30.72429,40.70639,31.10444,46.74798,27.13257,35.4118,35.33211,35.44173,32.74409,36.86624,31.59805,41.0,35.75194,35.07418,36.09462,34.66088,36.47067,34.32896,37.16961,62.0
3,TAS1,2021/03/12 05:00:00,30.2174,30.14938,30.24296,28.08729,33.25287,27.10389,44.91663,30.80025,29.57643,31.41842,29.0,36.08404,26.4645,55.38,30.50774,29.92922,30.80025,29.57643,31.41842,28.08729,34.21854,27.10389,39.89383,25.26,30.2174,30.14938,30.24296,28.08729,31.4589,27.10389,35.11483,30.74915,29.69608,31.375,29.04437,32.04368,28.61905,58.98703,32.62988
4,VIC1,2021/03/12 05:00:00,32.44414,32.37113,32.47157,30.0,35.70225,28.95,48.22151,33.06974,31.75615,33.73325,30.97453,38.74108,28.2673,59.68257,32.75577,32.13482,33.06974,31.75615,33.73325,30.0,36.73875,28.95,42.8303,25.65689,32.44414,32.37113,32.47157,30.0,33.7767,28.95,37.70078,32.75577,32.13482,33.06974,31.75615,33.41428,31.45205,34.05464,35.03356
0,NSW1,2021/03/12 05:30:00,35.55,35.46005,35.55,32.5,40.3964,30.45637,61.40834,35.55,35.47,35.55,32.54659,40.3964,32.5,39.15009,35.47,35.47,35.55,35.47,35.55,32.54659,39.15009,31.63028,56.9006,27.36965,35.55,35.46005,35.55,32.5,39.15004,30.7449,59.03893,35.55,35.47,35.55,35.47,35.55,34.6319,35.55,35.55
1,QLD1,2021/03/12 05:30:00,34.23313,34.14651,34.23313,31.29611,38.9,29.32818,55.74003,34.23313,34.15609,34.23313,31.34097,38.9,31.29611,37.69986,34.15609,34.15609,34.23313,34.15609,34.23313,31.34097,38.55153,30.00937,54.38709,26.25,35.00648,33.64288,35.53303,30.15627,40.93177,26.89119,591.42,34.23313,34.15609,34.23313,34.15609,34.23313,33.34904,34.23313,34.23313
2,SA1,2021/03/12 05:30:00,42.0,42.0,42.0,41.0,44.5862,41.0,62.0,42.0,42.0,42.0,41.0,48.64964,41.0,119.0,42.64474,41.0,56.18,39.55205,119.0,34.20478,47.96945,38.74534,65.86783,32.24039,42.0,42.0,42.0,41.0,43.21057,41.0,62.0,42.0,42.0,42.0,42.0,42.0,42.0,42.0,1021.66
3,TAS1,2021/03/12 05:30:00,31.56915,31.48925,31.56915,29.21173,35.5349,28.31072,51.50147,32.17312,30.9045,32.47855,28.31072,39.04691,27.80786,104.40771,31.49809,31.20018,31.86999,31.20018,31.86999,28.31072,35.43222,28.31072,51.50147,25.585,31.56915,31.48925,31.56915,29.21173,34.43824,28.31072,51.44625,32.03737,30.87528,32.55515,30.34568,33.23195,29.04695,58.85882,31.95406
4,VIC1,2021/03/12 05:30:00,33.71769,33.63237,33.71769,31.11855,37.95203,30.0,55.0,34.36256,33.00802,34.68868,30.0,41.7019,29.38921,113.83569,33.64181,33.32373,34.0389,33.32373,34.0389,30.0,37.8424,30.0,55.0,26.45545,33.71769,33.63237,33.71769,31.11855,36.78109,30.0,54.94104,33.85765,33.32373,34.0389,33.00802,34.36256,31.92215,35.0173,34.0389
0,NSW1,2021/03/12 06:00:00,42.67902,39.15004,47.74402,39.12008,60.5229,35.55,299.6,41.88175,39.15004,46.78869,39.12008,54.53276,36.88564,177.33996,39.71056,39.41559,39.71056,39.15009,39.71056,39.12008,57.70693,35.55,191.89033,32.5,42.67902,39.15004,46.87177,39.12008,59.94656,35.55,65.02994,40.00745,39.15009,41.02312,39.15009,45.31098,39.15009,50.36074,40.00745
1,QLD1,2021/03/12 06:00:00,41.18996,38.63793,45.39845,38.60836,57.12399,35.08498,280.68552,40.42051,38.63793,44.49005,38.60836,51.47025,36.40314,166.14405,38.9,38.9,38.9,38.63798,38.9,38.60836,55.28102,34.30967,186.57861,30.67483,41.80787,37.78411,46.25865,36.92313,62.34584,31.85995,591.42,38.9,38.63798,39.59184,38.63798,43.73009,38.63798,47.53253,38.9
2,SA1,2021/03/12 06:00:00,56.18,56.18,60.44,56.18,62.0,56.18,265.16991,56.18,56.18,61.0,56.18,62.0,56.18,387.92656,62.0,49.07743,62.0,43.94375,89.44,41.33944,62.35544,44.59562,188.48,40.76955,56.18,56.18,60.44,56.18,62.0,56.18,63.48743,56.18,56.18,56.18,56.18,60.10521,56.18,62.0,13100.02
3,TAS1,2021/03/12 06:00:00,37.82,34.78524,41.51817,34.78484,48.03505,32.36,74.67375,37.82,34.21682,42.43392,33.63363,49.06655,32.28,73.70056,35.18884,34.78524,35.18884,34.21687,35.18884,33.63363,48.50029,32.34,73.70056,30.27193,37.82,34.78524,40.85031,34.78484,48.42877,32.36,50.5622,36.15897,34.27765,37.82,32.36,41.88368,32.34,48.84562,35.45199
4,VIC1,2021/03/12 06:00:00,41.45423,38.02652,45.9375,37.99742,55.0,34.92568,254.46716,41.45423,37.31358,46.74864,36.58331,55.0,33.84198,386.64402,38.57095,38.0,38.57095,37.31363,38.57095,36.58331,55.0,34.52979,174.37974,31.56732,41.45423,38.02652,45.09826,37.99742,55.0,34.92568,57.12904,39.22778,37.66875,40.60436,37.66875,44.84845,37.66875,50.79223,38.85932
0,NSW1,2021/03/12 06:30:00,56.94004,39.55656,59.47114,39.15004,87.39087,35.55,299.6,56.94004,39.58928,57.25291,39.15004,74.21266,39.12,299.6,54.51004,40.31406,55.5356,40.22885,57.25291,39.88538,59.52351,38.77093,299.6,35.55,49.20495,40.93147,57.59402,39.55656,60.61937,39.55656,60.61937,54.15004,41.32191,55.77289,39.88538,57.20004,39.88538,57.20004,57.25291
1,QLD1,2021/03/12 06:30:00,38.94998,38.9,39.46565,38.73992,43.73016,35.17759,142.00016,38.94998,38.9,38.94998,38.73992,42.05851,38.71019,128.00006,38.94998,38.9,38.94998,38.9,38.94998,38.9,47.29999,27.05688,286.62083,26.25,43.73016,29.14842,56.17115,26.25,301.11,24.52,593.42,38.94998,38.9,38.94998,38.9,38.94998,38.9,38.94998,39.6669
2,SA1,2021/03/12 06:30:00,59.46797,43.53328,60.44,43.12792,78.76263,41.37333,259.46089,60.44,42.82415,60.44,42.0,74.7,41.07127,299.98566,59.35813,42.12111,61.47423,42.0,65.86783,40.48278,61.77945,42.0,289.88443,39.30139,52.71154,44.25679,60.44,42.94031,60.93979,43.27071,60.93979,57.8527,44.51936,59.36446,43.11386,60.29737,43.11386,59.88273,1015.13
3,TAS1,2021/03/12 06:30:00,48.54004,34.84645,48.50029,34.57733,58.96516,32.63483,80.09668,49.47319,34.3082,49.74607,33.55733,58.04944,32.53857,80.09668,47.65464,34.84645,48.24826,34.77278,49.74607,34.56487,48.54426,33.65006,50.9691,32.36,42.61007,35.71785,48.18,34.84645,48.18,34.84645,48.18,47.829,35.3535,49.51852,32.88612,51.36634,32.82962,52.89295,48.18
4,VIC1,2021/03/12 06:30:00,53.67164,38.0,55.0,37.60948,77.03558,35.13055,259.04084,54.69944,37.31683,55.0,36.40608,71.96981,34.84416,299.5,52.36506,38.0,53.35026,37.91968,55.0,37.59593,55.04843,36.54545,277.07555,34.10761,46.82296,38.95,54.28808,38.0,55.0,38.0,55.0,52.01923,38.95,53.57822,37.59593,55.0,37.59593,55.0,55.0
0,NSW1,2021/03/12 07:00:00,56.52004,39.81024,59.28108,39.15911,88.99324,37.46655,299.6,55.34163,40.08542,57.07138,39.51462,66.91359,39.12,299.6,51.03654,41.19038,55.5007,41.19038,57.07138,39.86138,63.64027,39.12,299.6,35.47,48.76858,41.01095,58.7191,39.51376,59.84962,39.33387,59.84962,51.4533,40.63196,53.81267,40.08661,57.07138,39.86138,57.07138,57.07138
1,QLD1,2021/03/12 07:00:00,45.64006,38.9,47.29999,38.8387,65.65005,37.15999,248.3725,45.44006,38.94998,46.19139,38.9,47.29999,38.79991,251.18802,43.73016,39.95,45.44006,39.95,46.71005,38.94998,61.26638,38.22555,292.74983,26.29998,47.29999,38.9,57.80577,26.29998,591.42,25.00003,1552.01,43.73009,39.4084,45.33003,38.94998,45.64006,38.94998,45.44006,47.29999
2,SA1,2021/03/12 07:00:00,57.43761,42.0,59.05755,42.0,80.65272,42.0,260.86184,57.32,42.0,59.05755,42.0,67.8662,41.0,303.13809,53.99408,42.0,60.44,41.9713,63.37518,39.9626,62.72042,41.0,290.01521,37.5787,50.01983,42.75888,59.27997,42.0,59.27997,42.0,59.27997,53.14946,42.0,55.78415,42.0,59.05755,42.0,59.04744,1015.13
3,TAS1,2021/03/12 07:00:00,48.76309,35.03042,50.0011,34.78524,63.87833,33.75784,74.67375,48.66012,34.93948,50.18133,34.20447,58.52648,32.61894,93.61478,44.68012,35.90286,48.80002,35.90286,50.18133,34.78524,53.18,34.18631,77.69123,32.36,42.29097,36.08726,50.0011,35.10036,50.0011,34.94052,50.0011,45.39594,35.05286,48.18,34.40588,51.63732,33.01132,53.19037,48.74894
4,VIC1,2021/03/12 07:00:00,53.44587,38.00377,55.0,37.73785,78.70236,36.4496,259.88448,53.33303,37.90514,55.0,37.01188,65.71441,34.93101,302.64733,48.72067,38.95,53.48633,38.95,55.0,37.69329,58.4835,36.99223,277.96389,33.86048,46.11601,39.15,55.0,38.07962,55.0,37.90627,55.0,49.11851,38.42195,51.85957,37.90627,55.0,37.69329,55.0,55.0
0,NSW1,2021/03/12 07:30:00,39.79446,39.12008,45.01221,39.12,66.12537,35.5499,299.6,39.7434,39.15004,43.38119,39.12,60.99,37.93193,299.6,39.15494,39.15004,39.7434,39.15004,43.26887,39.12,60.99,36.29092,214.3033,32.38,39.25857,39.15004,39.4969,39.12,40.31729,39.12,40.31729,39.44822,39.15004,39.44822,39.15004,39.79446,39.15004,47.47323,43.26887
1,QLD1,2021/03/12 07:30:00,38.94998,38.9,43.73009,38.9,57.28373,38.9,197.8769,38.9,38.9,42.15239,38.9,52.26099,38.9,200.11,38.9,38.9,38.9,38.9,42.04325,38.9,59.25277,35.52079,200.11,31.22449,43.73009,38.31923,47.29999,37.72397,200.11,26.25,592.42,38.9,38.9,38.9,38.9,38.94998,38.9,45.44006,42.04325
2,SA1,2021/03/12 07:30:00,42.0,42.0,45.3604,42.0,63.18342,41.0,259.7985,42.0,42.0,45.41369,41.8212,63.0695,40.97748,314.18148,42.0,41.0,44.61388,40.73145,61.63865,37.531,62.0,40.44788,208.22395,34.6411,42.0,42.0,42.0,42.0,42.0,42.0,42.0,42.0,42.0,42.0,42.0,42.0,42.0,50.42254,1015.13
3,TAS1,2021/03/12 07:30:00,34.25016,33.74106,37.84,33.74099,54.34,32.36,140.88,34.60694,33.21543,37.84,32.87222,55.11273,32.28,153.7298,33.77113,33.59001,34.60694,33.57245,37.84,32.87222,52.2005,32.36,86.48139,29.31293,33.86054,33.7669,34.06616,33.74099,34.86494,33.74099,34.86494,34.52047,33.18624,34.89634,32.74205,35.91998,32.53326,44.88612,37.84
4,VIC1,2021/03/12 07:30:00,36.86889,36.32102,41.00065,36.32095,59.08739,34.07939,257.56486,37.25284,35.66206,41.05099,35.29368,59.93949,33.56996,311.48028,36.35338,36.15847,37.25284,36.04527,40.9447,35.29368,56.62614,34.01672,197.08001,30.0632,36.4496,36.34884,36.67088,36.32095,37.43256,36.32095,37.43256,36.86889,36.0036,36.97616,35.79775,37.65692,35.66093,45.78281,40.9447
0,NSW1,2021/03/12 08:00:00,35.5802,35.5802,39.12,35.5802,57.54992,35.55,113.86194,35.5802,35.5802,39.12,35.5802,51.07551,35.55,82.77207,35.5802,35.5802,35.5802,35.5802,35.5802,35.5802,39.15004,35.5802,59.04051,35.47,35.5802,35.5802,35.5802,35.5802,39.12,35.5802,39.12,35.5802,35.5802,35.5802,35.5802,36.23967,35.5802,36.93754,35.5802
1,QLD1,2021/03/12 08:00:00,26.25,26.25,26.25,26.25,26.25,26.25,26.29998,26.25,26.25,26.25,26.25,26.25,26.25,26.25,26.25,26.25,26.25,26.25,26.25,26.25,26.29998,26.25,38.9,24.52,26.29998,26.25,34.03695,24.52,38.9,2e-05,200.11,26.25,26.25,26.25,26.25,26.25,26.25,26.25,26.25
2,SA1,2021/03/12 08:00:00,41.23252,41.23252,42.0,41.23252,60.02926,41.19752,102.89648,42.0,40.45275,42.92001,39.68449,59.13277,37.78043,92.03285,42.80743,38.199,62.0,36.79614,112.53383,34.1241,48.00661,37.52219,65.86783,35.51185,41.23252,41.23252,41.23252,41.23252,42.76966,41.23252,43.13288,41.62679,40.84118,42.0,40.81677,42.0,40.45275,42.0,578.81
3,TAS1,2021/03/12 08:00:00,31.44664,31.44664,33.89091,31.44664,48.91058,31.41994,89.0382,32.05051,30.93422,34.96053,30.42787,48.18,29.04531,79.47209,31.44664,31.14809,31.74744,30.93422,31.8323,30.50964,34.98739,30.72141,51.50147,29.83474,31.44664,31.44664,31.44664,31.44664,33.74221,31.44664,34.33947,32.08962,30.90096,32.67002,30.72,33.64109,30.1289,995.34,31.91761
4,VIC1,2021/03/12 08:00:00,33.14523,33.14523,35.91111,33.14523,52.09625,33.11709,96.32954,33.78151,32.5184,37.14236,31.90082,51.31823,30.37022,85.53473,33.14523,32.83064,33.46217,32.5184,33.46217,31.90082,37.17088,32.20847,55.0,31.19537,33.14523,33.14523,33.14523,33.14523,35.75359,33.14523,36.0969,33.46217,32.83064,33.78151,32.81102,34.40764,32.5184,35.07023,33.46217
0,NSW1,2021/03/12 08:30:00,35.5801,35.55,35.5801,35.55,35.5801,35.46,59.77323,35.5801,35.5801,35.5801,35.5801,35.5801,35.55,49.9,35.5801,35.5801,35.5801,35.5801,35.5801,35.5801,35.5801,35.55,39.12,35.46,35.5801,35.5801,35.57991,35.5801,35.5801,35.55816,35.5801,35.5801,35.5801,35.5801,35.5801,35.5801,35.5801,35.5801,35.5801
1,QLD1,2021/03/12 08:30:00,26.25,26.25,26.25,25.00003,26.25,25.00003,26.25,26.25,26.25,26.25,26.25,26.25,26.25,26.25,26.25,26.25,26.25,26.25,26.25,26.25,26.25,24.52,26.29998,18.51,26.25,24.52,26.29998,22.06711,35.2841,-52.71,195.0,26.25,26.25,26.25,26.25,26.25,26.25,26.25,26.25
2,SA1,2021/03/12 08:30:00,33.92116,33.90025,33.92116,33.90025,33.92116,33.90025,41.48566,34.2532,33.90025,34.92455,33.90025,36.99862,30.95638,55.40427,35.91501,32.72202,37.02593,31.30353,62.0,27.6211,36.54432,32.72202,41.7214,31.0,33.92116,33.92116,33.92098,33.92116,35.23158,33.90025,35.21899,33.92116,33.90025,34.2532,33.90025,34.58766,33.90025,34.58766,350.0
3,TAS1,2021/03/12 08:30:00,28.70337,28.69112,28.68388,28.69112,28.68388,28.69112,34.35852,28.91225,28.69112,29.47911,28.69112,30.98128,25.28,46.94591,28.70337,28.69112,28.91225,28.69112,29.47911,28.69112,29.19465,28.69112,32.78184,28.05756,28.70337,28.70337,28.68388,28.70337,28.68388,28.69112,28.6205,28.94215,28.38599,29.55587,28.08729,30.0917,27.7948,59.5412,29.47911
4,VIC1,2021/03/12 08:30:00,30.01851,30.0,30.01851,30.0,30.01851,30.0,36.40644,30.31235,30.0,30.90646,30.0,32.7419,23.23,50.00403,30.01851,30.0,30.31235,30.0,30.90646,30.0,30.60832,30.0,34.64418,29.33777,30.01851,30.01851,30.01835,30.01851,30.01851,30.0,30.00658,30.01851,30.0,30.31235,30.0,30.60832,30.0,30.60832,30.90646
0,NSW1,2021/03/12 09:00:00,35.5801,35.55,35.5801,35.47,39.12,32.5,284.04133,35.57986,35.55,35.5801,35.55,35.5801,35.55,57.0406,35.55,35.55,35.55,35.55,35.57986,35.55,35.5801,35.47,39.15018,32.5,35.55,35.55,35.55,35.55,35.5801,35.55,35.5801,35.55,35.55,35.57986,35.55,35.57986,35.55,35.57986,35.57986
1,QLD1,2021/03/12 09:00:00,25.00003,25.00003,25.00003,25.00003,25.00003,24.52,26.25,25.00003,25.00003,25.00003,25.00003,25.00003,25.00003,25.00003,25.00003,25.00003,25.00003,25.00003,25.00003,25.00003,26.25,24.52,26.25,18.51,26.25,24.52,26.25,18.51,35.01254,-74.13,100.0,25.00003,25.00003,25.00003,25.00003,25.00003,25.00003,25.00003,25.00003
2,SA1,2021/03/12 09:00:00,34.34626,34.46243,34.34626,34.47273,35.14918,32.45624,63.10108,34.66374,31.53191,35.28302,27.11438,37.33775,24.64062,60.13147,36.1073,32.84379,37.09019,29.1744,60.44,22.41554,36.58265,26.52653,41.47692,24.31286,34.86409,34.46243,34.86409,34.19554,35.23087,34.15523,35.23087,34.65918,34.1549,34.66374,31.90628,34.96853,28.94008,34.89858,119.0
3,TAS1,2021/03/12 09:00:00,28.02907,28.00535,28.02907,27.9423,28.76636,25.6018,55.38,28.31072,24.85544,28.86074,20.75468,30.57965,18.29602,51.23192,28.28034,27.73232,28.31072,24.85544,28.58132,20.70362,28.58151,21.69404,31.89792,20.21448,28.00535,28.00535,28.00535,28.00535,28.02907,28.00535,28.02907,28.58352,27.44126,28.9243,24.76371,29.5308,21.66617,995.18,28.58132
4,VIC1,2021/03/12 09:00:00,29.70164,29.67652,29.70164,29.60973,30.48266,27.13043,56.20417,30.0,26.27,30.58264,21.93757,32.40348,17.00671,55.0,29.96782,29.3873,30.0,26.27,30.28664,21.88363,30.28685,22.93,33.97912,21.36685,29.67652,29.67652,29.67652,29.67652,29.70164,29.67652,29.70164,29.96782,29.3873,30.0,26.66,30.28664,23.57,30.28664,30.28664
0,NSW1,2021/03/12 09:30:00,35.5801,35.55,35.5801,35.47,39.12,34.17933,194.80359,35.55,35.55,35.5801,35.55,35.5801,35.47,55.50757,35.55,35.55,35.55,35.55,35.5801,35.55,35.5801,35.47,39.15009,32.5,35.55,35.55,35.55,35.55,35.5801,35.55,35.5801,35.55,35.55,35.55,35.55,35.55,35.55,35.55,35.5801
1,QLD1,2021/03/12 09:30:00,24.52,24.52,24.52,24.52,24.52,24.52,24.52,24.52,24.52,24.52,24.52,24.52,24.52,24.52,24.52,24.52,24.52,24.52,24.52,24.52,25.00003,18.51,26.25,12.94004,25.00003,18.51,26.25,12.94004,35.22419,-74.13,195.0,24.52,24.52,24.52,24.52,24.52,24.52,24.52,24.52
2,SA1,2021/03/12 09:30:00,33.11937,33.14981,33.11937,33.2307,35.72139,33.48508,62.0,33.3878,33.14981,34.0028,32.18721,35.91432,27.58555,58.5597,33.98631,32.52892,36.11,30.90158,42.0,-190.0,34.53771,32.39236,40.65348,26.25357,33.14981,33.14981,33.14981,33.14981,33.18004,33.10909,33.23989,33.14981,33.14981,33.14981,33.14981,33.14981,33.14981,33.23989,119.0
3,TAS1,2021/03/12 09:30:00,995.3,995.3,995.3,995.3,995.3,995.3,995.3,995.3,995.3,995.3,995.3,995.3,995.3,995.3,995.3,995.3,995.3,995.3,995.3,995.3,995.3,995.3,995.3,995.3,995.3,995.3,995.3,995.3,995.3,995.3,995.3,995.3,995.28,995.32,995.2,995.32,995.2,995.36,995.3
4,VIC1,2021/03/12 09:30:00,30.0,30.0,30.0,30.0,32.62085,29.6326,52.61597,30.22818,30.0,30.84703,28.60049,32.67979,20.95,55.0,30.0,30.0,30.22818,30.0,31.14691,30.0,30.54933,29.86765,34.60447,24.38,30.0,30.0,30.0,30.0,30.0,30.0,30.0,30.0,30.0,30.0,30.0,30.0,30.0,30.0,31.14691
0,NSW1,2021/03/12 10:00:00,35.5801,35.55,35.5801,35.47,36.68565,34.81028,115.87933,35.55,35.55,35.5801,35.55,35.5801,35.55,55.38299,35.55,35.55,35.55,35.55,35.5801,35.55,35.5801,35.47,39.15005,32.83291,35.55,35.55,35.55,35.55,35.5801,35.55,35.5801,35.55,35.55,35.55,35.55,35.57986,35.55,35.57986,35.5801
1,QLD1,2021/03/12 10:00:00,24.52,24.52,24.70978,24.52,25.00003,24.52,25.00003,24.52,24.52,24.52,24.52,24.52,24.52,24.52,24.52,24.52,24.52,24.52,24.52,24.52,26.25,24.52,29.51548,18.51,26.25,24.52,26.3,18.51,36.62,-72.03,195.0,24.52,24.52,24.52,24.52,24.52,24.52,24.52,24.52
2,SA1,2021/03/12 10:00:00,30.63284,30.63284,30.63284,30.63284,30.91216,30.58987,62.0,30.63776,30.63284,31.26325,28.27559,33.11568,24.12902,55.60078,33.64032,-183.0,35.4651,-200.0,39.11323,-893.40893,34.15821,-183.0,40.26575,-200.0,30.63284,30.63284,30.63284,30.63284,30.89395,30.54246,30.83369,30.63284,30.63284,30.63776,30.63284,30.96212,30.3414,31.46389,119.0
3,TAS1,2021/03/12 10:00:00,30.41585,30.41585,30.41585,30.41585,30.7057,30.37299,63.64807,30.42075,30.41585,30.96508,28.38628,32.7238,25.26,55.47645,30.41585,30.41585,30.42075,30.41585,30.96508,30.41585,30.7057,30.05735,34.64879,25.76545,30.41585,30.41585,30.41585,30.41585,30.41585,30.41585,30.33787,30.7057,30.10391,30.88874,29.79197,31.53258,29.35275,995.06,31.6516
4,VIC1,2021/03/12 10:00:00,30.0,30.0,30.0,30.0,30.36374,29.95772,63.10144,30.00484,30.0,30.62023,26.76018,32.44276,20.95,55.0,30.0,30.0,30.00484,30.0,30.62023,30.0,30.32417,29.6464,34.35121,23.78009,30.0,30.0,30.0,30.0,30.0,30.0,30.0,30.0,30.0,30.00484,30.0,30.32396,29.71327,30.62002,31.21885
0,NSW1,2021/03/12 10:30:00,35.55,35.47,35.5801,35.47,36.21645,32.5,54.88696,35.55,35.55,35.55,35.55,35.5801,35.47,39.15009,35.55,35.55,35.55,35.55,35.55,35.55,35.5801,35.4601,37.81813,32.5,35.55,35.55,35.55,35.55,35.5801,35.55,35.5801,35.55,35.55,35.55,35.55,35.55,35.55,35.55,35.55
1,QLD1,2021/03/12 10:30:00,26.25,26.25,26.25,26.25,26.25,26.25,26.25,26.25,26.25,26.25,26.25,26.25,26.25,26.25,26.25,26.25,26.25,26.25,26.25,26.25,26.3,24.89219,36.62,24.52,26.3,24.89375,34.42372,24.52,43.73009,2e-05,200.11,26.25,26.25,26.25,26.25,26.25,26.25,26.25,26.25
2,SA1,2021/03/12 10:30:00,-3.1,-3.1,-3.1,-3.1,-3.1,-3.1,-3.1,-3.1,-3.1,-3.1,-3.1,-3.1,-3.1,-3.1,31.66492,-200.0,34.78903,-354.31705,39.02341,-336.6697,32.43447,-200.0,36.85444,-356.47751,-3.1,-3.1,-3.1,-3.1,-3.1,-3.1,-3.1,-3.1,-3.1,-3.1,-3.1,-3.1,-3.1,-3.1,266.07
3,TAS1,2021/03/12 10:30:00,29.29176,29.29176,29.29176,29.29176,29.29176,28.16933,29.29176,30.25988,26.77732,30.25988,25.604,31.26522,25.26,37.85448,29.56823,29.29176,30.25988,29.29176,30.25988,29.29176,30.25988,26.74705,31.96516,25.45578,29.29176,29.29176,29.29176,29.29176,29.29176,29.29176,29.29176,30.23551,26.55495,30.72779,26.29547,31.03973,25.72844,995.28,30.25988
4,VIC1,2021/03/12 10:30:00,28.25362,28.29755,28.2371,28.29755,27.76997,27.57211,25.39198,30.0,23.75,30.0,21.62,31.0768,20.9,37.62634,28.95,28.25362,30.0,28.44086,30.0,28.81798,30.0,23.75,31.77251,22.96,28.25362,28.25362,28.25362,28.25362,28.2371,28.25362,28.35198,29.37908,23.79009,30.0,23.77,30.0,23.23,30.0,30.0
0,NSW1,2021/03/12 11:00:00,35.5801,35.55,35.5801,35.47,37.2775,32.5,285.31313,35.5801,35.55,35.5801,35.55,35.5801,35.47,58.53361,35.55,35.55,35.55,35.55,35.55,35.55,35.5801,35.4601,39.82071,32.3801,35.5801,35.55,35.5801,35.55,35.5801,35.55,35.5801,35.55,35.55,35.5801,35.55,35.5801,35.55,35.5801,35.55
1,QLD1,2021/03/12 11:00:00,27.60904,27.58008,34.24391,27.50308,35.87757,26.25,38.9,27.60904,27.58008,27.60904,27.58008,27.60904,27.87334,36.62,27.58008,27.58008,27.58008,27.58008,28.38262,28.07916,34.75744,26.24996,38.9,24.52,34.75744,26.25,35.54413,24.52,43.73009,2e-05,288.0,27.58008,27.58008,28.09834,27.58008,28.09834,27.58008,28.09834,28.38262
2,SA1,2021/03/12 11:00:00,-357.59169,-357.61127,-357.59169,-357.6633,-357.60568,-359.59497,-338.84814,-356.95943,-358.32957,-356.95943,-359.03179,-355.38726,-359.86005,-334.59867,-190.0,-348.6087,30.9322,-341.121,56.64848,-649.33,-190.0,-349.03281,34.59483,-342.95536,-357.59169,-357.61127,-357.59169,-357.61127,-357.59169,-357.61127,-357.23089,-357.25077,-357.96919,-356.95943,-358.32457,-356.95943,-358.80379,-356.95943,350.0
3,TAS1,2021/03/12 11:00:00,30.20721,30.18166,30.20721,30.11374,30.72779,27.66226,50.48307,30.72779,29.5675,30.72779,25.97151,32.02226,25.26,55.47645,30.18166,29.65232,30.18166,29.59435,30.72779,25.26,30.72779,29.30389,33.80745,25.6473,30.20721,30.18166,30.20721,30.18166,30.20721,30.18166,30.50428,30.78788,29.58355,31.85167,29.1437,34.9103,26.37636,995.22,30.72779
4,VIC1,2021/03/12 11:00:00,29.49175,29.4668,29.49175,29.40049,30.0,26.93871,31.96,30.0,28.85,30.0,22.7508,31.26381,20.95003,55.0,29.4668,28.95,29.4668,28.8934,30.0,23.23,30.0,28.5374,33.00672,23.83,29.49175,29.4668,29.49175,29.4668,29.49175,29.4668,29.78178,29.75659,29.17908,30.0,28.8934,30.0,24.7311,30.0,30.0
0,NSW1,2021/03/12 11:30:00,35.5801,35.55,35.5801,35.55,37.31166,32.3801,285.3199,35.5801,35.55,35.5801,35.55,35.5801,35.55,57.38359,35.5801,35.55,35.5801,35.55,35.55,35.5801,35.5801,32.5,39.2448,30.42691,35.5801,35.55,35.5801,35.55,35.5801,35.55,35.5801,35.5801,35.55,35.5801,35.55,35.5801,35.55,35.5801,35.5801
1,QLD1,2021/03/12 11:30:00,34.48773,34.45855,34.48773,34.45855,36.16613,31.38597,38.9,34.48773,34.45855,34.48773,34.45855,34.48773,34.45855,38.9,34.48773,34.45855,34.48773,34.45855,34.45855,34.48773,35.20738,26.25,38.9,25.00003,35.20738,26.25,36.62,25.00003,49.12852,12.94004,301.12,34.48773,34.45855,34.48773,34.45855,34.48773,34.45855,34.48773,34.48773
2,SA1,2021/03/12 11:30:00,-350.83307,-350.85088,-350.83307,-350.85088,-351.19449,-352.42049,-334.45837,-350.55054,-351.5159,-350.55054,-351.88809,-349.12652,-352.235,-329.96224,-360.2796,-342.03837,-190.0,-335.13921,62.0,-377.19834,-360.2796,-343.7935,-190.0,-337.44141,-350.83307,-350.85088,-350.83307,-350.85088,-350.83307,-350.85088,-350.83307,-350.55054,-351.18458,-350.55054,-351.50209,-350.55054,-351.5159,-350.55054,350.0
3,TAS1,2021/03/12 11:30:00,30.32196,30.2963,30.32196,30.2963,30.57182,28.07885,55.38,30.57182,29.70818,30.57182,25.695,31.83121,25.38626,55.38,30.57182,30.00119,30.57182,29.70818,30.57182,25.26,30.57182,27.36721,33.44507,25.69175,30.32196,30.2963,30.32196,30.2963,30.32196,30.2963,30.32196,30.88376,29.69507,31.1957,29.1897,47.81,29.02614,995.18,30.57182
4,VIC1,2021/03/12 11:30:00,29.75481,29.72964,29.75481,29.72964,30.0,27.3444,41.71168,30.0,29.15251,30.0,22.15629,31.23584,20.95003,54.90438,30.0,29.44004,30.0,29.15251,30.0,21.66683,30.0,26.65138,32.81951,24.70701,29.75481,29.72964,29.75481,29.72964,29.75481,29.72964,29.75481,30.0,29.44004,30.0,29.16449,30.0,29.15251,30.0,30.0
0,NSW1,2021/03/12 12:00:00,35.5801,35.5801,37.46,35.5801,39.15005,35.47,121.16831,35.5801,35.5801,36.04127,35.5801,39.15005,35.5801,55.92903,35.5801,35.5801,35.5801,35.5801,35.5801,35.5801,39.12,35.55886,47.01809,34.08647,35.5801,35.5801,35.5801,35.5801,35.5801,35.5801,35.5801,35.5801,35.5801,35.5801,35.5801,35.5801,35.5801,35.5801,35.5801
1,QLD1,2021/03/12 12:00:00,36.62,36.62,37.46947,36.62,38.86854,36.62,70.73,36.62,36.62,36.62,36.62,38.86854,36.62,46.73901,36.62,36.62,36.62,36.62,36.62,36.62,38.9,35.04073,46.68,33.09297,38.9,35.06166,43.73009,34.54307,195.0,24.52,591.42,36.62,36.62,36.62,36.62,36.62,36.62,36.62,36.62
2,SA1,2021/03/12 12:00:00,-200.0,-200.0,-200.0,-200.0,-200.0,-200.0,-200.0,-200.0,-200.0,-200.0,-200.0,-200.0,-200.0,-200.0,-190.0,-358.60957,59.75048,-348.99452,62.0,-880.20658,-190.0,-358.60144,54.78,-350.1618,-200.0,-200.0,-200.0,-200.0,-200.0,-200.0,-200.0,-200.0,-200.0,-200.0,-200.0,-200.0,-200.0,-200.0,578.81
3,TAS1,2021/03/12 12:00:00,30.49384,30.49384,31.58258,30.49384,32.92327,30.49384,63.53246,30.51205,30.49384,31.51482,30.49384,36.27094,25.68525,55.38,30.49384,30.49384,30.49384,30.49384,30.49384,30.49384,33.54773,30.49384,41.11305,29.09515,30.49384,30.49384,30.49384,30.49384,30.49384,30.49384,30.49384,30.80578,30.1819,31.1363,29.9607,31.77627,29.71399,995.06,30.49384
4,VIC1,2021/03/12 12:00:00,30.0,30.0,30.99186,30.0,32.39009,30.0,63.80906,30.01792,30.0,31.00445,30.0,35.68355,22.31037,55.0,30.0,30.0,30.0,30.0,30.0,30.0,33.00443,30.0,40.44724,28.4783,30.0,30.0,30.0,30.0,30.0,30.0,30.0,30.0,30.0,30.01792,30.0,30.31176,30.0,30.31176,30.0
0,NSW1,2021/03/12 12:30:00,35.5801,35.55,35.5801,35.55,39.12,34.8459,67.0805,35.5801,35.5801,35.5801,35.5801,39.12,35.55,54.23776,35.5801,35.5801,35.5801,35.5801,35.5801,35.5801,37.46,35.53043,39.15005,28.21566,35.5801,35.55,35.5801,35.55,35.5801,35.55,35.5801,35.5801,35.5801,35.5801,35.5801,35.5801,35.5801,35.5801,35.5801
1,QLD1,2021/03/12 12:30:00,35.20738,35.17759,35.20738,35.17759,38.23362,34.48086,43.73003,35.20738,35.20738,35.20738,35.20738,38.23362,35.17759,38.9,35.20738,35.20738,35.20738,35.20738,35.20738,35.20738,37.43993,34.46776,38.9,26.25,36.62,34.48675,38.9,26.25,70.73,18.51,301.12,35.20738,35.20738,35.20738,35.20738,35.20738,35.20738,35.20738,35.20738
2,SA1,2021/03/12 12:30:00,-40.0,-40.0,-40.0,-40.0,-40.0,-40.0,-40.0,-40.0,-40.0,-40.0,-40.0,-40.0,-40.0,-40.0,31.20609,-200.0,62.0,-355.32877,62.93333,-893.43368,33.17083,-200.0,62.0,-359.50923,-40.0,-40.0,-40.0,-40.0,-40.0,-40.0,-40.0,-40.0,-40.0,-40.0,-40.0,-40.0,-40.0,-40.0,361.18
3,TAS1,2021/03/12 12:30:00,30.33787,30.33787,30.33787,30.33787,32.75606,30.33787,55.38,30.38028,30.33787,30.97709,30.33787,36.08604,25.51778,55.38,30.33787,30.33787,30.33787,30.33787,30.33787,30.33787,32.29848,30.33787,34.41712,25.26,30.33787,30.33787,30.33787,30.33787,30.33787,30.33787,30.33787,30.64981,30.02593,31.00503,29.79197,31.6239,29.48003,58.45611,30.33787
4,VIC1,2021/03/12 12:30:00,30.0,30.0,30.0,30.0,32.39126,30.0,55.0,30.04194,30.0,30.6321,30.0,35.68416,21.62,54.90438,30.0,30.0,30.0,30.0,30.0,30.0,31.93877,30.0,34.03383,24.29181,30.0,30.0,30.0,30.0,30.0,30.0,30.0,30.0,30.0,30.04194,30.0,30.33595,30.0,30.6321,30.0
0,NSW1,2021/03/12 13:00:00,35.96706,35.5801,39.12,35.5801,39.46672,35.47,141.80953,35.5801,35.5801,39.12,35.5801,39.17332,35.5801,56.54893,35.5801,35.5801,35.5801,35.5801,36.30233,35.5801,39.12,35.5801,62.74785,35.47,35.5801,35.5801,35.5801,35.5801,35.61737,35.5801,35.61737,35.5801,35.5801,35.5801,35.5801,35.5801,35.5801,36.76509,36.30233
1,QLD1,2021/03/12 13:00:00,38.9,38.17743,38.9,38.17743,38.9,37.73,100.0,38.41024,38.41024,38.9,38.41024,38.9,38.9,54.50544,38.41024,38.41024,38.41024,38.41024,38.9,38.41024,39.11043,35.33185,62.31003,34.44355,38.9,35.33185,43.73009,34.55047,200.11,24.52,591.42,38.41024,38.41024,38.41024,38.31148,38.9,38.59135,38.46274,38.9
2,SA1,2021/03/12 13:00:00,-40.0,-40.0,-40.0,-40.0,-40.0,-40.0,-40.0,-40.0,-40.0,-40.0,-40.0,-40.0,-40.0,-40.0,31.49012,-190.0,34.59,-344.43254,62.0,-328.95669,34.79623,-190.0,60.44,-344.39252,-40.0,-40.0,-40.0,-40.0,-40.0,-40.0,-40.0,-40.0,-40.0,-40.0,-40.0,-40.0,-40.0,-40.0,350.0
3,TAS1,2021/03/12 13:00:00,30.88376,30.88376,33.59109,30.88376,33.88881,30.88376,68.53579,31.15357,30.88376,34.9247,30.88376,37.05003,26.42419,55.7624,30.88376,30.88376,30.90316,30.88376,32.09645,30.88376,34.25307,30.88376,55.38,30.88376,30.88376,30.88376,30.88376,30.88376,30.88376,30.88376,30.88376,31.11772,30.57182,32.60424,30.25988,55.38,29.94794,995.28,32.09645
4,VIC1,2021/03/12 13:00:00,30.0,30.0,32.62986,30.0,32.91906,30.0,67.42588,30.26209,30.0,33.92531,30.0,35.98982,23.23,55.0,30.0,30.0,30.01885,30.0,31.17798,30.0,33.2729,30.0,54.41564,30.0,30.0,30.0,30.0,30.0,30.0,30.0,30.0,30.0,30.0,30.26209,30.0,30.26209,30.0,31.26997,31.17798
0,NSW1,2021/03/12 13:30:00,35.5801,35.5801,38.02469,35.5801,39.49742,35.47,156.24164,35.5801,35.5801,36.90602,35.5801,39.15005,35.5801,55.41798,35.5801,35.5801,35.5801,35.5801,35.5801,35.5801,39.12,35.55,49.9,32.5701,35.5801,35.5801,35.5801,35.5801,35.5801,35.56755,35.5801,35.5801,35.5801,35.5801,35.5801,35.7066,35.5801,36.63141,35.5801
1,QLD1,2021/03/12 13:30:00,36.62,36.62,37.73,36.62,38.9,36.62,71.31003,36.62,36.62,36.62,36.62,38.73993,36.62,45.90708,36.62,36.62,36.62,36.62,36.62,36.62,38.9,35.01228,49.37727,31.3688,38.9,35.04193,43.52724,34.26778,195.0,24.52,591.42,36.62,36.62,36.62,36.62,36.62,36.62,36.62,36.62
2,SA1,2021/03/12 13:30:00,-200.0,-200.0,-200.0,-200.0,-200.0,-200.0,-200.0,-200.0,-200.0,-200.0,-200.0,-200.0,-200.0,-200.0,-190.0,-348.99446,-51.0,-340.02337,35.0,-325.04669,-190.0,-348.98333,-51.0,-341.48007,-200.0,-200.0,-200.0,-200.0,-200.0,-200.0,-200.0,-200.0,-200.0,-200.0,-200.0,-200.0,-200.0,-200.0,261.59762
3,TAS1,2021/03/12 13:30:00,30.58261,30.58261,32.68383,30.58261,33.94971,30.57182,69.76253,30.88199,30.57182,32.97808,30.57182,37.05622,25.69276,55.38,30.57182,30.57182,30.57182,30.57182,30.57182,30.57182,33.95447,30.57182,44.15998,28.0668,30.58261,30.58261,30.58261,30.58261,30.58261,30.57182,30.58261,31.19709,30.25988,31.81991,30.02593,33.46652,29.71399,995.14,30.58261
4,VIC1,2021/03/12 13:30:00,30.01058,30.01058,32.07251,30.01058,33.31471,30.0,69.8838,30.30437,30.0,32.36125,30.0,36.36311,22.06624,55.0,30.0,30.0,30.0,30.0,30.0,30.0,33.31938,30.0,43.334,27.47175,30.01058,30.01058,30.01058,30.01058,30.01058,30.0,30.01058,30.30437,30.0,30.60028,30.0,31.00821,30.0,31.81133,30.01058
0,NSW1,2021/03/12 14:00:00,35.5801,35.5801,35.89306,35.5801,39.15005,35.47,92.30007,35.5801,35.5801,35.5801,35.5801,39.15005,35.57993,56.43661,35.5801,35.5801,35.5801,35.5801,35.5801,35.5801,39.12,35.55,54.85457,35.47,35.5801,35.5801,35.5801,35.5801,35.5801,35.55,35.5801,35.5801,35.5801,35.5801,35.5801,35.5801,35.5801,35.5801,35.5801
1,QLD1,2021/03/12 14:00:00,38.9,38.9,38.9,38.9,38.9,38.9,80.31003,38.9,38.9,38.9,38.9,38.9,38.9,54.84776,38.9,38.9,38.9,38.9,38.9,38.9,43.73009,36.62,57.1164,34.989,43.73009,36.62,55.73003,35.09761,200.11,25.00003,591.42,38.9,38.9,38.9,38.9,38.9,38.9,38.9,38.9
2,SA1,2021/03/12 14:00:00,13.06,13.06,13.06,13.06,13.06,13.06,13.06,13.06,13.06,13.06,13.06,13.06,13.06,13.06,29.43165,-40.0,32.61991,-190.0,53.28659,-326.33624,32.70951,-40.0,49.73881,-190.0,13.06,13.06,13.06,13.06,13.06,13.06,13.06,13.06,13.06,13.06,13.06,13.06,13.06,13.06,350.0
3,TAS1,2021/03/12 14:00:00,30.64981,30.64981,30.64981,30.64981,33.10532,30.64981,58.88691,30.6807,30.64981,31.28347,30.64981,36.47115,29.211,55.38,30.64981,30.64981,30.6807,30.64981,31.28347,30.64981,34.06333,30.64981,48.45227,30.64981,30.64981,30.64981,30.64981,30.64981,30.64981,30.64981,30.64981,30.96175,30.33787,31.30521,30.02593,48.18,29.71399,995.22,31.28347
4,VIC1,2021/03/12 14:00:00,30.0,30.0,30.0,30.0,32.40345,30.0,58.98927,30.03024,30.0,30.62023,30.0,35.69792,28.5917,55.0,30.0,30.0,30.03024,30.0,30.62023,30.0,33.34115,30.0,47.66761,30.0,30.0,30.0,30.0,30.0,30.0,30.0,30.0,30.0,30.0,30.03024,30.0,30.32417,30.0,30.32417,30.62023
0,NSW1,2021/03/12 14:30:00,35.70463,35.5801,39.12,35.5801,44.58441,35.55,286.4524,35.5801,35.5801,39.12,35.5801,42.24088,35.5801,56.15049,35.5801,35.5801,35.5801,35.5801,35.71906,35.5801,39.15005,35.5801,63.57592,35.55,35.5801,35.5801,35.5801,35.5801,35.5801,35.5801,35.5801,35.5801,35.5801,35.5801,35.5801,36.6201,35.5801,39.12,39.00038
1,QLD1,2021/03/12 14:30:00,43.73007,43.73007,43.73007,43.50255,43.73007,39.21996,195.0,43.73007,43.73007,43.73007,43.73007,43.73007,43.73007,53.45978,43.73007,43.73007,43.73007,43.73007,43.73007,43.73007,47.25,38.9,62.8244,34.86878,43.73007,38.9,49.61,34.89831,200.11,26.25,592.42,43.73007,43.73007,43.73007,43.73007,43.73007,43.73007,43.73007,43.73007
2,SA1,2021/03/12 14:30:00,27.6211,27.6211,30.26323,27.6211,34.49049,27.6211,62.0,28.06616,27.6211,31.46244,27.6211,34.98,26.68778,49.55627,31.50002,24.73181,35.12528,-93.61,62.0,-200.0,34.6283,24.73181,59.74295,-93.61,27.6211,27.6211,27.6211,27.6211,27.6211,27.6211,27.6211,27.79448,27.6211,28.06616,27.6211,29.16818,27.6211,31.76774,300.0
3,TAS1,2021/03/12 14:30:00,30.10391,30.10391,32.98354,30.10391,37.59078,30.10391,90.06571,30.58897,30.10391,34.29054,30.10391,38.95701,29.16205,54.90456,30.29288,30.10391,30.58897,30.10391,31.00785,30.10391,33.98631,30.10391,54.76159,30.10391,30.10391,30.10391,30.10391,30.10391,30.10391,30.10391,30.10391,30.5283,29.79197,31.14366,29.48003,32.69593,29.16809,68.15377,33.85638
4,VIC1,2021/03/12 14:30:00,30.0,30.0,32.86968,30.0,37.46103,30.0,91.65428,30.48339,30.0,34.17218,30.0,38.82254,28.9863,55.0,30.18831,30.0,30.48339,30.0,30.90082,30.0,33.869,30.0,55.0,30.0,30.0,30.0,30.0,30.0,30.0,30.0,30.0,30.18831,30.0,30.48339,30.0,31.68032,30.0,34.50377,33.73952
0,NSW1,2021/03/12 15:00:00,39.12,35.58019,41.28283,35.55,49.9,33.5322,288.28569,39.12,35.58019,39.9412,35.58019,49.9,35.55,117.30563,39.12,37.26943,39.12,35.58019,39.12,35.58019,48.81448,35.4601,67.05639,28.11396,39.12,35.58019,39.12,35.55,39.12,35.55,39.12,39.12,37.26943,39.12,35.58019,39.59381,35.58019,42.06704,39.12
1,QLD1,2021/03/12 15:00:00,38.43449,34.95671,39.95974,34.92705,47.25,32.94461,100.0,38.43449,34.95671,38.94998,34.95671,44.68003,34.92705,89.11436,38.43449,36.61635,38.43449,34.95671,38.43449,34.95671,47.25,34.32362,65.39226,26.29997,38.94998,34.43986,43.73007,26.39031,200.11,24.52,591.42,38.43449,36.61635,38.43449,34.95671,38.9,34.95671,40.71881,38.43449
2,SA1,2021/03/12 15:00:00,34.38689,31.5785,36.28804,31.5517,42.96198,30.04865,62.0,35.05594,30.97442,36.48507,30.3791,47.26845,30.04865,62.0,39.17058,29.20571,43.53884,24.91701,62.0,-200.0,47.8963,27.50161,62.0,20.46198,34.38689,31.5785,34.38689,31.5517,34.38689,31.24882,34.38689,34.72019,32.76022,35.05594,30.97442,35.82287,30.67568,38.79612,350.0
3,TAS1,2021/03/12 15:00:00,34.53937,31.71853,36.35478,31.69162,43.82945,30.25988,116.49432,35.12042,31.11178,36.55218,30.59265,48.22288,30.25988,116.49432,34.87415,32.61048,35.12042,31.11178,35.36742,31.11178,44.13196,30.78706,59.46958,25.94525,34.53937,31.71853,34.53937,31.69162,34.53937,31.38739,34.53937,35.14448,32.61048,35.75728,30.62946,36.91144,30.01559,64.43582,35.36742
4,VIC1,2021/03/12 15:00:00,34.33122,31.52737,36.22929,31.50062,43.79161,30.0,117.30776,34.99919,30.92428,36.42601,30.32991,48.18124,30.0,117.61564,34.66398,32.41394,34.99919,30.92428,35.33688,30.92428,44.09385,30.52265,59.41823,25.39518,34.33122,31.52737,34.33122,31.50062,34.33122,31.19823,34.33122,34.66398,32.70718,34.99919,30.92428,35.76488,30.62602,38.73331,35.33688
0,NSW1,2021/03/12 15:30:00,38.49565,35.55,39.12,35.47,49.9,33.36877,286.20226,38.06598,35.55,39.12,35.55,49.9,35.55,98.98475,35.58031,35.55,38.06598,35.55,38.1899,35.55,43.41013,35.01961,61.17608,34.01726,35.58031,35.58023,39.12,35.58023,39.12,35.58023,39.12,35.58023,35.55,37.37211,35.55,38.86721,35.55,39.12,38.69621
1,QLD1,2021/03/12 15:30:00,30.2,30.2,30.2,30.2,38.9,30.2,47.25,30.2,30.2,30.2,30.2,34.29173,30.2,38.94998,30.2,30.2,30.2,30.2,30.2,30.2,38.94998,26.29997,47.29999,26.25,34.18974,26.84951,38.44007,26.25,47.29999,24.52,591.42,30.2,30.2,30.2,30.2,30.2,30.2,30.2,30.2
2,SA1,2021/03/12 15:30:00,33.67777,31.40257,34.22398,31.3319,41.46861,30.04865,62.0,33.95056,30.80118,35.0,30.20847,45.63929,30.04865,62.0,35.0,27.97715,42.16597,24.77764,62.0,-200.0,43.24247,27.03069,62.0,24.17228,31.42935,31.42927,34.22398,31.42927,34.22398,31.42927,34.22398,31.42927,31.10078,33.33171,30.80118,35.0,30.50375,35.50939,1015.13
3,TAS1,2021/03/12 15:30:00,33.04048,30.80834,33.48753,30.73901,42.07954,29.48003,88.58041,33.22,30.21832,34.61719,29.63683,46.31166,29.48003,93.86862,31.04106,30.51225,33.22,30.21832,33.22,29.92652,38.14829,29.48003,53.61781,29.48003,30.8346,30.83454,33.48753,30.83454,33.48753,30.83454,33.48753,31.07924,30.27011,33.22,29.64873,35.06437,29.04578,37.44954,33.59085
4,VIC1,2021/03/12 15:30:00,33.62325,31.35173,34.16857,31.28118,43.16429,30.0,92.35165,33.8956,30.75131,35.50958,30.15956,47.50551,30.0,97.86439,31.58856,31.05043,33.8956,30.75131,34.00594,30.45436,39.02763,30.0,55.0,30.0,31.37846,31.37839,34.16857,31.37839,34.16857,31.37839,34.16857,31.37839,31.05043,33.27775,30.75131,34.94334,30.45436,36.1951,34.45678
0,NSW1,2021/03/12 16:00:00,35.47,34.22806,35.55,33.3899,39.12,32.3799,284.17229,35.47,34.8974,35.55,34.8974,36.83027,34.8974,89.70172,35.4601,35.4601,35.4601,34.8974,35.4601,34.8974,35.55,33.3899,45.83122,32.3801,35.4601,35.4601,35.47,35.4601,35.55,35.4601,35.55,35.4601,35.4601,35.47,35.07189,35.47,34.8974,35.55,35.4601
1,QLD1,2021/03/12 16:00:00,30.2,30.06,30.2,30.06,30.2,26.29997,38.94998,30.2,30.2,30.2,30.2,30.2,30.2,33.67277,30.2,30.2,30.2,30.2,30.2,30.2,33.91843,26.25,43.73007,26.25,33.83265,26.29997,34.46529,26.25,47.29999,-9.10426,591.42,30.2,30.2,30.2,30.2,30.2,30.2,30.2,30.2
2,SA1,2021/03/12 16:00:00,40.5095,39.47102,40.60087,39.47102,43.43354,39.47102,61.99999,41.29977,39.47102,41.50286,39.47102,45.439,39.47102,61.99999,61.99999,35.81241,61.99999,-190.0,278.81,-913.34615,61.99999,35.24412,61.99999,-190.0,40.49819,40.49819,40.5095,40.49819,40.60087,40.7915,39.99276,40.89178,40.49819,41.29977,39.66838,41.50286,39.47102,42.15286,10002.795
3,TAS1,2021/03/12 16:00:00,28.64524,27.91066,28.70987,27.91066,31.02685,27.91066,67.18099,29.20425,27.91066,29.8387,27.91066,32.45989,27.91066,82.96521,28.63724,28.36086,28.63724,27.91066,28.91565,27.91066,29.27014,27.91066,38.14862,27.71818,28.63724,28.63724,28.64524,28.63724,28.70987,28.84472,28.70987,29.23871,28.39728,29.85682,27.58018,30.47517,27.36496,31.81928,28.63724
4,VIC1,2021/03/12 16:00:00,30.7893,30.0,30.85874,30.0,33.63001,30.0,73.01101,31.38995,30.0,32.07165,30.0,35.18281,30.0,90.67475,30.7807,30.48373,30.7807,30.0,31.07985,30.0,31.46074,30.0,41.34692,29.77663,30.7807,30.7807,30.7893,30.7807,30.85874,31.00363,30.85874,31.07985,30.7807,31.38995,30.15,31.69359,30.0,32.3805,30.7807
0,NSW1,2021/03/12 16:30:00,35.47,35.46975,35.55,35.46,41.38339,32.62088,225.56822,35.47,35.46975,35.55,35.46975,40.8215,35.46,65.11767,35.47,35.47,35.47,35.47,35.55,35.47,39.8225,34.22582,61.54944,32.5,35.47,35.46975,35.55,35.4601,39.12008,33.2515,63.97435,35.47,35.47,35.47,35.47,35.47,35.46975,35.55,35.55
1,QLD1,2021/03/12 16:30:00,33.88364,33.8834,33.96006,33.87409,38.95002,31.16195,200.11,33.88364,33.8834,33.96006,33.8834,38.95002,33.87409,59.5,33.88364,33.88364,33.88364,33.88364,33.96006,33.88364,38.9,32.21332,58.79671,30.2,34.64833,33.38411,35.51246,32.64152,40.87661,29.49865,200.11,33.88364,33.88364,33.88364,33.88364,33.88364,33.8834,33.96006,33.96006
2,SA1,2021/03/12 16:30:00,24.9536,24.95343,25.00988,24.94657,28.55794,23.61863,42.0,25.43706,24.47705,25.98622,24.00758,31.28902,23.61863,42.0,28.21115,0.0,32.36213,-13.09996,39.32943,-649.33,31.67292,0.0,42.0,-13.29996,24.9536,24.95343,25.00988,24.94664,26.99607,23.61863,42.0,25.19444,24.71454,25.43706,24.47722,25.43706,24.24146,25.98622,119.0
3,TAS1,2021/03/12 16:30:00,29.59752,29.59732,29.6643,29.58918,33.4354,28.01359,76.16393,30.17114,29.03209,30.74,28.47508,36.63383,28.01359,61.25625,29.88327,29.31387,30.17114,29.31387,30.74,29.31387,33.11695,28.01359,50.70118,28.01359,29.59752,29.59732,29.6643,29.58926,31.60625,28.01359,50.70118,30.12036,29.00941,30.73566,28.43542,30.90085,27.94599,32.3608,30.87473
4,VIC1,2021/03/12 16:30:00,31.69566,31.69544,31.76715,31.68672,36.27383,30.0,83.04432,32.30974,31.09034,33.00728,30.49404,39.7428,30.0,66.44783,32.00156,31.392,32.30974,31.392,33.00507,31.392,35.92845,30.0,55.0,30.0,31.69566,31.69544,31.76715,31.68681,34.28997,30.0,55.0,32.00156,31.392,32.30974,31.09056,32.30974,30.79111,33.00728,33.32313
0,NSW1,2021/03/12 17:00:00,42.39189,38.81699,44.62483,36.54181,60.99,35.47,218.31247,41.36153,39.11267,44.62483,38.41511,60.61406,35.55,213.51652,39.12,39.12,39.12,39.12,44.62483,38.5201,60.24571,35.55,127.0598,35.46,42.18663,39.12,43.31167,36.95708,60.99,35.47,61.41232,39.45173,39.12,40.94112,39.12,42.25293,39.12,53.76022,44.62483
1,QLD1,2021/03/12 17:00:00,41.8528,38.9,43.73007,36.61995,58.88372,35.54586,200.11,40.83554,38.90456,43.73007,38.49726,58.52076,35.62603,200.11,38.91185,38.91185,38.91185,38.91185,43.73007,38.60248,59.03773,35.09791,124.51215,34.23539,42.59423,38.62251,43.73014,35.68077,63.93371,32.27309,591.42,38.95003,38.91185,40.42047,38.91185,41.7156,38.91185,51.90362,43.73007
2,SA1,2021/03/12 17:00:00,42.0,42.0,42.47164,42.0,57.33878,42.0,119.0,42.0,42.0,44.54209,42.0,61.0,39.58824,198.58809,42.0,42.0,42.34673,38.75836,61.0,36.07665,58.36865,38.48227,119.0,34.52622,42.0,42.0,42.0,42.0,57.33878,42.0,57.33878,42.0,42.0,42.0,42.0,42.0,42.0,54.17077,1015.13
3,TAS1,2021/03/12 17:00:00,35.53472,32.83507,36.70506,31.99966,47.00261,31.0608,59.12306,35.33571,32.63734,38.50357,31.99966,47.74664,28.78545,75.02474,33.09285,33.09285,33.09285,32.77755,38.13845,31.99966,46.08125,30.71153,66.80382,29.83825,35.36175,33.09285,35.96332,31.99966,43.67008,31.0608,42.41608,33.99558,31.99966,35.79079,30.84,37.32455,26.35455,49.83537,38.13845
4,VIC1,2021/03/12 17:00:00,39.44693,36.46585,40.73927,34.98631,55.0,33.96013,117.25461,39.22717,36.05,42.72527,35.07023,59.14172,31.23058,220.4029,36.75051,36.75051,36.75051,36.40234,42.32208,35.16608,55.0,33.39674,115.99646,32.37243,39.25593,36.75051,39.92021,35.05,55.0,33.96013,55.0,37.16787,36.4496,38.82845,36.40234,40.07257,36.40234,51.9612,42.32208
0,NSW1,2021/03/12 17:30:00,39.12,35.55,39.76593,35.47012,57.0037,35.46,218.00487,39.12,35.55,39.12,35.55,47.80078,35.47,110.0,38.90785,38.34485,38.90785,35.55,38.90785,35.55,45.23012,35.4601,60.99,32.25784,39.12,35.55,39.12,35.55,53.07019,35.4601,60.99,39.12,38.24964,39.12,37.52167,39.12,37.42178,40.23436,39.12
1,QLD1,2021/03/12 17:30:00,38.0119,34.62778,38.63954,34.54997,53.50003,34.54011,200.11,38.0119,34.62778,38.0119,34.62778,44.86277,34.54985,101.72062,37.80577,37.25872,37.80577,34.62778,37.80577,34.62778,43.73007,33.77817,58.5304,30.27516,38.67748,33.86381,38.96729,33.36496,54.88,31.36946,591.42,38.0119,37.1662,38.0119,36.45885,38.0119,36.36179,38.9,38.10516
2,SA1,2021/03/12 17:30:00,41.0,40.3571,41.0,41.0,42.0,41.0,53.88271,41.0,39.59361,41.0,39.58394,42.0,37.55179,54.09849,42.0,39.53482,42.0,33.16344,42.51469,25.63873,42.0,36.92554,50.13373,30.67257,41.0,40.3571,41.0,41.0,42.0,41.0,42.0,41.0,41.0,41.0,41.0,41.0,41.0,41.82022,278.81
3,TAS1,2021/03/12 17:30:00,32.21764,30.39507,32.54234,30.32676,39.72682,30.3181,50.82306,32.53879,29.81987,32.51649,29.25314,37.36605,27.8979,73.0015,32.0419,31.99966,32.0419,29.81987,32.0419,29.25314,33.30731,29.46074,42.92544,27.7948,32.21764,30.39507,32.21764,30.39507,35.56993,30.31818,35.85769,33.04534,31.49665,33.52791,28.96581,33.97494,26.35455,37.0222,32.53879
4,VIC1,2021/03/12 17:30:00,35.69357,33.06173,36.28292,32.98744,50.53409,32.97803,99.84528,36.38185,32.43625,37.00374,31.82,46.61368,30.11124,113.48509,35.5,34.98631,35.5,32.43625,35.5,31.82,41.26851,32.04574,55.64802,30.0,35.69357,33.06173,35.69357,33.06173,47.04702,32.97812,53.549,36.03642,34.89944,36.28,34.23523,36.38185,34.14409,38.50014,36.38185
0,NSW1,2021/03/12 18:00:00,60.99,48.09525,72.52607,40.95275,205.94346,36.89531,299.6,60.99,52.08302,69.14613,44.19711,140.81916,39.12,299.6,60.99,60.41104,60.99,52.08302,69.14613,44.63686,143.92271,39.12,299.6,35.47,60.99,51.06499,72.52607,42.50576,160.59574,37.79845,289.18027,60.99,60.99,60.99,60.99,66.84844,60.6891,75.24036,69.80654
1,QLD1,2021/03/12 18:00:00,59.26242,46.8828,70.47173,40.52,200.11,37.05489,281.39593,59.26242,50.77004,67.18753,43.73007,136.83038,38.94998,281.39593,59.26242,58.69987,59.26242,50.77004,67.18753,43.73007,142.40187,38.41901,294.23144,34.3194,60.34551,48.67937,73.38675,40.52,200.11,34.46586,593.42,59.26242,59.26242,59.26242,59.26242,64.95492,59.15917,73.10914,67.82923
2,SA1,2021/03/12 18:00:00,61.5,49.41179,71.0398,42.20359,145.42553,42.0,159.3405,62.0675,52.41235,71.0398,43.79724,141.81029,42.0,308.06186,65.64,58.70882,72.46316,50.08224,380.0,42.0,142.42273,42.0,332.86825,42.0,61.5,52.37991,71.0398,43.76643,142.52697,42.0,156.33316,61.5,60.83831,62.0675,61.17547,68.67918,60.90905,77.05347,15000.0
3,TAS1,2021/03/12 18:00:00,51.14931,40.72,59.51939,34.76047,80.76147,31.99966,80.76147,52.13422,43.26223,59.51939,36.105,80.76147,31.36666,162.30196,51.63993,50.18133,52.13422,43.26223,59.51939,36.8164,80.76147,32.88892,146.02417,30.49735,51.14931,43.23493,59.51939,36.07902,80.76147,32.69895,80.76147,52.14746,38.90559,52.94856,31.99966,59.20641,26.5487,68.77404,59.51939
4,VIC1,2021/03/12 18:00:00,56.06073,44.6321,65.4,38.00391,133.19,34.89643,133.19,57.14001,47.41792,65.4,39.47349,133.19,33.94201,294.2968,56.59835,55.0,57.14001,47.41792,65.4,40.25106,128.54081,35.95828,267.57992,32.91595,56.06073,47.38801,65.4,39.44509,133.19,35.75064,133.19,56.59835,55.5271,57.14001,55.5271,63.22679,55.25315,71.16406,65.4
0,NSW1,2021/03/12 18:30:00,139.0913,81.90098,269.94601,78.30113,299.6,44.52383,299.99,127.30601,83.50114,243.72477,83.50114,299.6,60.99,299.99,110.00003,110.00003,110.00003,93.07067,126.88708,83.50114,299.6,60.99,299.99,35.5499,139.0913,81.90098,269.94601,79.05623,299.6,55.58019,299.6,110.00003,110.00003,110.00003,110.00003,110.00003,110.00003,136.42584,136.42584
1,QLD1,2021/03/12 18:30:00,135.15146,80.44098,262.29964,76.9053,291.11367,43.73013,291.49262,123.7,82.01262,236.82113,82.01262,291.11367,59.90277,291.49262,108.03912,108.03912,108.03912,91.41155,123.7,82.01262,296.46209,58.57984,303.57879,34.65698,137.6345,78.66447,273.17538,74.25964,412.849,49.94122,1552.01,108.03912,108.03912,108.03912,108.03912,108.03912,108.03912,132.56151,132.56151
2,SA1,2021/03/12 18:30:00,278.0,278.0,278.81,278.0,308.9748,278.0,308.9748,278.0,278.0,278.81,278.0,337.49101,278.0,374.93296,379.0,221.77494,1015.13,92.52321,3585.05562,75.1702,532.12443,83.3,1033.81,39.27613,278.0,278.0,278.81,278.0,308.9748,278.0,308.9748,278.0,278.0,278.0,278.0,278.0,278.0,278.0,15000.0
3,TAS1,2021/03/12 18:30:00,11.38,11.38,11.38,11.38,11.38,11.38,11.38,11.38,11.38,11.38,11.38,11.38,11.38,11.38,11.38,11.38,11.38,11.38,11.38,11.38,11.38,11.38,11.38,11.38,11.38,11.38,11.38,11.38,11.38,11.38,11.38,11.38,7.65,11.38,-0.64,22.88,-0.64,109.49775,11.38
4,VIC1,2021/03/12 18:30:00,120.0,72.04,228.4094,70.89,253.12129,41.08834,253.12129,111.97821,72.04,214.38,72.04,276.48261,51.10432,307.15617,95.06,95.06,95.06,80.29604,110.53641,72.04,258.4777,55.0,263.87083,31.57257,120.0,72.04,228.4094,70.89,253.12129,50.80377,253.12129,95.06,95.06,95.06,95.06,95.06,95.06,120.0,120.0
0,NSW1,2021/03/12 19:00:00,85.59324,80.23953,124.89124,61.65716,299.6,39.12008,299.99,83.94286,83.76803,85.72561,64.08738,299.6,43.17217,299.99,83.82629,83.82629,83.82629,83.82629,83.82629,82.60281,299.6,44.48182,299.99,35.5499,85.59324,80.23953,119.40507,61.65716,299.6,41.99147,299.6,83.82629,83.82629,83.82629,83.82629,83.82629,83.82629,83.94286,83.82629
1,QLD1,2021/03/12 19:00:00,85.41221,80.06982,123.7,61.52676,296.74234,39.62562,297.12862,83.76532,83.59086,85.5443,63.95184,296.74234,43.73007,297.12862,83.649,83.649,83.649,83.649,83.649,82.4281,301.20937,43.73013,308.45592,35.74086,86.69933,78.29792,123.7,59.2764,591.42,38.9,1552.01,83.649,83.649,83.649,83.649,83.649,83.649,83.76532,83.649
2,SA1,2021/03/12 19:00:00,379.0,379.0,379.0,379.0,379.0,379.0,379.0,379.0,379.0,379.0,379.0,379.0,379.0,379.0,1015.13,278.0,1500.0,89.49304,15000.0,72.47927,1024.40566,278.0,1500.0,39.07094,379.0,379.0,379.0,379.0,379.0,379.0,379.0,379.0,379.0,379.0,379.0,379.0,379.0,379.0,15000.0
3,TAS1,2021/03/12 19:00:00,-1.36898,-1.32876,-9.45989,-2.20872,-32.61,-1.52932,-32.61,-1.36898,-1.36373,-1.42248,-2.20872,-32.61,-1.53139,-27.49568,-1.36548,-1.36548,-7.85359,-1.36548,-11.68106,-2.76441,-32.61,-1.67293,-32.61,-1.38366,-1.36898,-1.32876,-7.51564,-2.20872,-32.61,-1.62063,-32.61,-0.62,-69.44,-0.62,-69.46,2.00782,-69.49,65.39614,-26.06534
4,VIC1,2021/03/12 19:00:00,72.04004,70.89,103.07835,55.0,247.27334,35.57262,247.59522,72.04004,71.89,73.57,55.0,272.43188,35.63193,299.9182,71.94,71.94,71.94,71.94,71.94,70.89,252.16007,39.67909,257.45241,31.40762,72.04004,70.89,98.55037,55.0,247.27334,38.18363,247.27334,71.94,71.94,71.94,71.94,71.94,71.94,72.04004,71.94
0,NSW1,2021/03/12 19:30:00,60.99,39.36235,63.8325,39.07726,130.74263,35.47,299.6,60.99,39.37009,60.99,39.12008,128.8149,36.20241,299.6,44.3696,44.3696,44.3696,43.3991,44.3696,42.59804,101.22699,35.58025,299.6,34.81773,60.99,39.96145,63.8325,39.12008,118.22115,35.5499,299.6,44.86565,44.3696,57.60296,44.3696,57.88352,44.3696,60.99,44.5326
1,QLD1,2021/03/12 19:30:00,59.00544,38.95,61.75545,38.95,123.7,36.15696,283.46165,59.00544,38.95,59.00544,38.95,123.7,36.90355,283.46165,43.57,43.57,43.57,42.61699,43.57,41.83037,99.40275,35.46438,294.20082,34.19027,59.89088,38.95,64.1019,37.84715,123.7,32.89533,593.42,43.73007,43.57,55.72861,43.57,56.00004,43.57,59.00544,43.73007
2,SA1,2021/03/12 19:30:00,1015.13,1015.13,1015.13,1015.13,1015.13,1015.13,1085.21152,1015.13,1015.13,1015.13,1015.13,1015.13,1015.13,1132.64867,13044.44,1015.13,15000.0,379.0,15000.0,44.81537,13044.44,1015.13,15000.0,379.0,1015.13,1015.13,1015.13,1015.13,1015.13,1015.13,1085.21152,1015.13,1015.13,1015.13,1015.13,1015.13,1015.13,1015.13,15000.0
3,TAS1,2021/03/12 19:30:00,43.43596,29.07374,44.23133,28.64515,47.99086,24.64985,53.18,45.57105,27.95344,46.34939,26.88102,48.18,22.09447,53.18,34.64609,35.37832,34.64609,34.51626,35.37832,33.32353,47.67763,24.191,48.18,22.09447,41.55036,29.97441,44.23133,28.70953,47.67763,24.71433,53.18,36.49298,16.9695,47.67763,12.35455,47.90989,11.49223,52.04919,34.6343
4,VIC1,2021/03/12 19:30:00,53.57787,34.91371,55.0,34.66084,109.40861,31.76543,245.84645,54.62007,34.25273,55.0,33.62,117.59509,30.0,300.68546,38.97735,38.97735,38.97735,38.12479,38.97735,37.42109,86.37715,31.25617,258.14435,30.0,53.57787,35.4451,55.0,34.69882,98.93034,31.83699,245.84645,39.79504,38.97735,51.58678,38.97735,51.83804,38.97735,55.0,39.12055
0,NSW1,2021/03/12 20:00:00,62.28861,42.4711,63.50443,39.72537,110.00003,35.58019,299.6,61.1015,43.69226,61.1015,40.0224,79.26815,36.01446,299.6,58.31369,58.31369,51.47328,58.31369,51.47328,58.31369,84.81081,37.74675,299.6,35.58019,62.28861,42.4711,63.50443,41.23011,110.00003,35.58049,297.2753,58.56325,45.6076,60.99,45.26974,61.1015,45.26974,61.1015,51.47317
1,QLD1,2021/03/12 20:00:00,59.28232,41.02661,60.43946,38.95,104.69101,35.67572,278.86598,58.29487,42.20624,58.29487,38.95,75.44237,36.11115,278.86598,55.64028,55.64028,49.11346,55.64028,49.11346,55.64028,81.9263,37.01,289.41029,34.11546,60.61958,40.42128,62.83918,38.95,115.37253,32.39107,592.42,55.8784,43.73007,58.04639,43.73007,58.15251,43.73007,58.15251,49.11336
2,SA1,2021/03/12 20:00:00,15000.0,15000.0,15000.0,15000.0,15000.0,15000.0,15000.0,15000.0,15000.0,15000.0,15000.0,15000.0,15000.0,15000.0,15000.0,15000.0,15000.0,15000.0,15000.0,13042.33,15000.0,15000.0,15000.0,15000.0,15000.0,15000.0,15000.0,15000.0,15000.0,15000.0,15000.0,15000.0,15000.0,15000.0,15000.0,15000.0,15000.0,15000.0,15000.0
3,TAS1,2021/03/12 20:00:00,47.88171,34.8777,47.88171,32.76867,55.38,29.34841,55.38,47.88171,35.28725,47.88171,31.767,55.3,27.22774,55.38,47.67763,47.67763,42.08374,47.67763,42.08374,47.67763,54.41066,30.54382,55.38,28.24004,47.88171,34.8777,47.88171,34.01026,55.38,29.34866,55.38,47.88171,36.93666,50.74005,31.91054,51.36634,12.5487,53.03625,42.08365
4,VIC1,2021/03/12 20:00:00,55.0,38.23,55.0,36.10298,89.84925,32.33579,242.31752,55.0,38.57968,55.0,34.99971,72.04004,30.0,293.78285,51.98855,51.98855,45.8901,51.98855,45.8901,51.98855,72.04004,33.65245,252.01756,31.11498,55.0,38.23,55.0,37.47052,89.84925,32.33606,215.71465,52.21104,40.59,54.89963,39.97257,55.0,39.97257,55.0,45.89
0,NSW1,2021/03/12 20:30:00,44.67473,39.12008,60.84686,36.69699,81.33445,35.58019,299.6,44.67473,39.12008,55.58019,38.60223,62.14302,39.12008,299.6,40.58182,39.12008,44.67473,39.12008,44.67473,38.91047,66.51812,35.58046,299.6,35.57981,43.68569,39.12008,58.97174,38.09214,88.55013,35.58019,286.53296,39.49586,39.15013,44.34292,39.12008,45.00486,39.12008,62.14302,44.67473
1,QLD1,2021/03/12 20:30:00,43.73007,38.95,58.68003,37.01,78.43804,36.42526,284.66868,43.73007,38.95,53.89543,38.9,59.93004,38.95,284.66868,40.02095,38.95,43.73007,38.95,43.73007,38.95,65.11157,35.61661,293.26488,34.82746,43.73007,38.57942,59.03165,37.01,94.12709,32.81933,591.42,38.95,38.95,43.73007,38.95,43.73007,38.95,59.93004,43.73007
2,SA1,2021/03/12 20:30:00,39.69015,34.75526,53.53377,32.61893,63.02088,31.61034,89.68828,40.46818,34.3191,50.83608,33.30482,57.3898,25.43933,298.66183,40.98891,31.02575,51.02685,27.1143,15000.0,20.79504,64.61422,28.21799,332.366,24.73181,38.81146,34.75526,51.88402,34.17251,70.2516,31.61034,124.47921,35.43178,34.44474,39.78009,34.4183,40.76723,34.08376,57.3898,15000.0
3,TAS1,2021/03/12 20:30:00,34.43711,30.23109,46.4518,28.37227,48.12432,27.49469,54.29558,35.11235,29.85159,44.1105,28.96907,49.67203,22.12531,85.69,31.6674,29.9379,35.11235,29.85159,35.11235,29.20046,49.67203,27.22774,71.84616,27.22774,33.67451,30.23109,45.02,29.72404,47.86628,27.49469,55.38,31.13736,29.73342,35.14089,26.86299,36.39013,13.26574,52.60867,35.11235
4,VIC1,2021/03/12 20:30:00,38.03739,33.308,51.30455,31.26063,59.16422,30.29403,85.95352,38.78302,32.89,48.71918,31.91796,55.0,24.38,286.22509,34.89,32.98507,38.78302,32.89,38.78302,32.17283,55.0,30.0,252.61521,30.0,37.1953,33.308,49.72349,32.74951,66.38,30.29403,91.42969,33.95635,33.01041,38.12358,32.98507,39.06962,32.66446,55.0,38.78302
0,NSW1,2021/03/12 21:00:00,64.86078,43.44386,66.14003,39.15005,299.6,35.58019,299.6,63.61252,43.44386,63.61252,39.15005,294.78657,39.15005,299.6,63.61252,63.61252,63.61252,63.61252,63.61252,43.44386,191.82373,38.98544,299.6,35.5499,64.86078,44.19302,66.14003,39.5718,283.82976,35.58019,299.6,63.61252,58.48795,63.61252,57.23981,63.61252,57.2397,63.61252,63.61252
1,QLD1,2021/03/12 21:00:00,64.31968,43.73007,65.58825,39.704,290.53125,36.90478,290.53125,63.08183,43.73007,63.08183,39.704,288.0,39.704,290.53125,63.08183,63.08183,63.08183,63.08183,63.08183,43.73007,193.08747,38.95,301.12,35.51758,65.36111,43.73007,68.08909,38.95,301.12,33.49295,592.42,63.08183,58.00001,63.08183,56.76229,63.08183,56.76218,63.08183,63.08183
2,SA1,2021/03/12 21:00:00,13044.44,13044.44,13044.44,13044.44,13044.44,13044.44,13044.44,13044.44,13044.44,13044.44,13044.44,13044.44,13044.44,13044.44,13100.02,10008.97,15000.0,278.81,15000.0,42.86378,13100.02,10004.295,15000.0,278.81,13044.44,13044.44,13044.44,13044.44,13044.44,13044.44,13044.44,13044.44,13044.44,13044.44,13044.44,13044.44,13044.44,13044.44,15000.0
3,TAS1,2021/03/12 21:00:00,43.55927,34.07196,43.55927,30.86427,74.24,28.04909,74.24,43.55927,33.41421,43.55927,29.68733,74.24,25.62622,74.24,43.55927,43.55927,43.55927,46.32927,43.55927,33.41421,55.38,30.14422,74.24,27.08957,43.55927,34.66274,43.55927,31.19686,71.88,28.04909,74.24,50.05303,26.71291,50.57021,16.84,51.0982,12.137,52.60867,43.55927
4,VIC1,2021/03/12 21:00:00,55.0,37.92739,55.0,34.1788,239.51908,31.06224,239.51908,55.0,37.19923,55.0,32.87586,259.85235,28.38,290.99,55.0,55.0,55.0,55.0,55.0,37.19923,157.9585,33.38166,249.13809,30.0,55.0,38.58142,55.0,34.547,179.44829,31.06224,239.51908,55.0,50.56925,55.0,49.49009,55.0,49.49,55.0,55.0
0,NSW1,2021/03/12 21:30:00,44.49765,39.12,51.95105,39.12,74.14592,35.58025,299.6,43.22254,39.12,45.16553,39.12,60.52513,39.12,299.6,39.15004,39.15004,39.15004,39.15004,39.15004,39.12,64.13066,36.50704,299.6,35.5499,43.512,39.15004,45.21342,39.12,72.92001,35.58025,299.42,39.33915,39.15004,43.22254,39.12,44.49765,39.12,60.52513,39.15004
1,QLD1,2021/03/12 21:30:00,43.73007,38.95,50.30001,38.95,70.73,36.5712,285.79736,42.47696,38.95,43.73014,38.95,58.16736,38.95,285.79736,38.95,38.95,38.95,38.95,38.95,38.95,62.55652,36.69,294.43193,35.17749,43.73007,38.76276,45.44002,37.87674,77.23998,33.19404,591.42,38.95,38.95,42.47696,38.95,43.73007,38.95,58.16736,38.95
2,SA1,2021/03/12 21:30:00,13044.44,13044.44,13044.44,13044.44,13044.44,13044.44,13044.44,13044.44,13044.44,13044.44,13044.44,13044.44,13044.44,13044.44,13100.02,10004.41049,13100.02,278.81,15000.0,38.65916,13100.02,10003.116,13100.02,278.81,13044.44,13044.44,13044.44,13044.44,13044.44,13044.44,13044.44,13044.44,13044.44,13044.44,13044.44,13044.44,13044.44,13044.44,15000.0
3,TAS1,2021/03/12 21:30:00,35.70448,31.69366,41.68663,31.69366,55.53651,28.82501,219.40735,35.70053,31.08523,38.02918,30.48557,50.70118,26.18146,266.01019,31.718,31.718,31.718,31.718,31.718,31.08523,50.70118,29.0083,228.19095,27.7948,35.25299,31.718,36.27896,31.69366,55.3,28.82501,219.27553,32.43385,31.08871,36.36319,30.82657,37.83757,25.37735,53.62741,31.718
4,VIC1,2021/03/12 21:30:00,38.53426,34.20673,44.98878,34.20673,60.5563,31.11155,242.28981,38.53,33.55026,41.04252,32.90324,55.0,28.25926,293.75074,34.23299,34.23299,34.23299,34.23299,34.23299,33.55026,55.0,31.30932,251.98904,30.0,38.04712,34.23299,39.1541,34.20673,60.14313,31.11155,242.14424,34.73206,33.90331,38.53,33.8773,39.66667,33.55026,55.0,34.23299
0,NSW1,2021/03/12 22:00:00,39.12,35.58025,39.12,35.57995,46.2797,35.47,299.6,39.12,35.69851,39.12,35.69851,40.91609,35.58025,63.07089,37.69175,35.69851,37.69175,35.69851,37.69175,35.69851,40.01346,35.55,66.09023,35.46982,39.12,35.58025,39.12,35.57995,42.31582,35.47,68.74382,37.69175,35.69851,39.12,35.69851,39.12,35.69851,39.15004,37.69175
1,QLD1,2021/03/12 22:00:00,38.08029,35.15476,38.08029,35.15447,43.73007,35.04583,274.82908,38.08029,35.27161,38.08029,35.27161,38.95,35.15476,58.71908,36.69,35.27161,36.69,35.27161,36.69,35.27161,38.95,34.34857,63.38362,33.51573,38.65218,34.3778,38.95,33.61979,43.73007,31.82402,301.12,36.69,35.27161,38.08029,35.27161,38.08029,35.27161,38.10953,36.69
2,SA1,2021/03/12 22:00:00,41.67313,38.02834,41.67313,38.02834,49.30009,38.02834,49.66501,42.49278,38.02834,43.3244,38.02834,48.00088,29.8776,76.1335,1750.05,33.90025,13044.44,32.58706,13100.02,25.8689,1750.05,33.90025,13044.44,32.58706,41.67313,38.02834,41.67313,38.02834,45.07752,38.02834,69.71862,40.5451,38.02834,42.49278,38.02834,42.90707,38.02834,44.20217,15000.0
3,TAS1,2021/03/12 22:00:00,30.78022,28.08729,30.78022,28.08729,36.41536,28.08729,36.68498,31.38581,28.08729,32.00025,28.08729,35.45544,22.12336,55.65541,29.94678,28.08729,29.94678,28.08729,29.94678,28.08729,32.41594,28.08729,51.23192,28.08729,30.78022,28.08729,30.78022,28.08729,33.29553,28.08729,51.23192,30.26526,27.7948,31.97463,27.57941,32.63635,27.29735,50.36122,29.94678
4,VIC1,2021/03/12 22:00:00,32.87532,30.0,32.87532,30.0,38.89212,30.0,39.18,33.52193,30.0,34.17798,30.0,37.86719,23.57,60.06061,31.98544,30.0,31.98544,30.0,31.98544,30.0,34.62183,30.0,55.0,30.0,32.87532,30.0,32.87532,30.0,35.56099,30.0,55.0,31.98544,30.0,33.52193,30.0,33.84876,30.0,34.87045,31.98544
0,NSW1,2021/03/12 22:30:00,57.76521,39.15004,60.90994,39.12,95.45146,35.58025,299.6,49.02732,39.15004,58.62665,39.12,74.12845,38.55576,299.6,44.32546,44.32546,44.32546,44.32546,44.32546,44.32546,62.69433,39.12,299.6,35.55,47.94397,39.48029,60.90994,39.15004,87.21721,35.58025,299.6,44.65715,43.99589,48.67886,39.15004,58.62665,39.15004,58.62665,44.32546
1,QLD1,2021/03/12 22:30:00,55.73003,38.95,58.32871,38.95,90.73,36.43977,276.46059,47.3,38.95,56.14219,38.95,70.73,38.9,276.46059,43.73009,43.73009,43.73009,43.73009,43.73009,43.73009,61.39283,38.9,288.0,34.812,47.3,38.95,60.54195,38.3373,91.36,33.07622,591.42,43.73009,43.73009,47.3,38.95,56.14219,38.95,56.14219,43.73009
2,SA1,2021/03/12 22:30:00,379.0,379.0,379.0,379.0,379.0,379.0,379.0,379.0,379.0,379.0,379.0,379.0,379.0,401.38534,1500.0,278.81,10578.87,62.00021,13100.02,62.00021,1500.0,278.81,10578.87,62.00021,379.0,379.0,379.0,379.0,379.0,379.0,379.0,379.0,379.0,379.0,379.0,379.0,379.0,379.0,15000.0
3,TAS1,2021/03/12 22:30:00,49.44241,33.50617,51.63732,33.48045,75.17901,30.45011,231.89603,42.7715,32.86928,51.63732,32.21697,64.6119,26.64013,274.71067,37.93678,37.93678,37.93678,37.93678,37.93678,37.93678,51.63732,32.84406,241.07535,29.55992,41.03455,33.78889,51.63732,33.50617,68.8716,30.45011,231.89603,38.89583,36.90608,43.26628,32.19003,53.19037,31.55555,55.49368,37.93678
4,VIC1,2021/03/12 22:30:00,52.6626,35.69178,55.0,35.66439,81.33705,32.43732,252.82347,45.55861,35.01355,55.0,34.31889,69.54285,28.38,299.5,40.41003,40.41003,40.41003,40.41003,40.41003,40.41003,55.0,34.98668,262.83077,31.48934,43.70891,35.99285,55.0,35.69178,74.3204,32.43732,252.82347,41.10357,39.72708,45.2348,35.01355,55.0,34.67817,55.0,40.41003
0,NSW1,2021/03/12 23:00:00,54.89922,41.00911,64.73655,39.12,101.4802,35.59453,299.6,54.88937,41.79646,61.67884,39.15004,71.29311,39.15004,299.6,42.42941,42.42941,42.42941,42.11193,42.42941,39.15004,68.62625,37.50872,299.6,35.47,53.67747,39.15004,64.73655,39.12,66.6627,35.58025,66.6627,44.0502,42.11193,54.88937,41.79646,56.73203,39.15004,61.67884,42.42941
1,QLD1,2021/03/12 23:00:00,55.74003,42.90631,65.23788,40.92981,100.0,38.38202,288.0,55.73003,43.73009,62.15649,40.96124,71.31003,40.96124,288.0,43.73009,43.73009,43.73009,43.73009,43.73009,40.96124,70.73,38.95,299.67111,36.55734,55.74003,40.17783,68.24331,39.42295,195.0,34.54269,593.42,45.20664,43.73009,55.73003,43.73009,57.60092,40.96124,62.31003,43.73009
2,SA1,2021/03/12 23:00:00,13044.44,13044.44,13044.44,13044.44,13044.44,13044.44,13044.44,13044.44,13044.44,13044.44,13044.44,13044.44,13044.44,13044.44,13044.44,10578.87,13100.02,44.16345,13100.05,34.08695,13044.44,10578.87,13100.02,36.61977,13044.44,13044.44,13044.44,13044.44,13044.44,13044.44,13044.44,13044.44,13044.44,13044.44,13044.44,13044.44,13044.44,13044.44,15000.0
3,TAS1,2021/03/12 23:00:00,44.76618,33.76258,51.63732,32.20684,48.18,29.30349,48.18,45.63193,33.75046,51.63732,31.00308,59.94807,22.24069,270.21709,34.7041,34.7041,34.7041,34.05445,34.7041,31.30688,53.68212,30.28713,229.54782,28.23585,43.76971,32.23158,51.63732,32.20684,51.50147,29.29174,51.50147,36.65478,33.97739,46.61825,33.13701,48.45541,30.42187,64.34412,34.7041
4,VIC1,2021/03/12 23:00:00,47.55704,35.87,55.0,34.21763,51.1829,31.13396,51.1829,48.47657,35.85713,55.0,32.93911,64.18706,23.57,293.84208,36.87,36.87,36.87,36.18,36.87,33.26177,57.17755,32.17869,249.61867,30.0,46.49869,34.24391,55.0,34.21763,55.0,31.12147,55.0,38.53,36.47991,48.47657,35.85713,50.10395,33.26177,55.0,36.87
0,NSW1,2021/03/12 23:30:00,39.15004,37.95362,43.17176,37.26781,63.95588,35.47,299.6,39.12,38.16574,39.15004,37.549,57.55548,37.83197,105.57215,39.12,39.12,39.12,38.16574,39.12,37.549,56.61922,35.55,85.80167,35.46,39.15004,38.7415,41.58112,37.69414,63.95588,35.47,64.58041,39.12,39.12,39.12,38.16574,39.15004,37.8806,42.84958,39.12
1,QLD1,2021/03/12 23:30:00,39.95453,38.95,43.73009,38.9,62.40891,37.02345,279.60913,39.92387,38.95,39.95453,38.9,56.50003,38.9,100.0,39.92387,39.92387,39.92387,38.95,39.92387,38.9,56.50003,36.48328,86.26343,35.65084,40.55865,38.95,43.73009,37.897,70.73,33.59788,592.42,39.92387,39.92387,39.92387,38.95,39.95453,38.95,43.73009,39.92387
2,SA1,2021/03/12 23:30:00,10578.87,10578.87,10578.87,10578.87,10578.87,10578.87,10578.87,10578.87,10578.87,10578.87,10578.87,10578.87,10578.87,10578.87,13044.44,42.66875,13100.02,36.72013,13100.02,31.45626,13044.44,38.03126,13100.02,33.23989,10578.87,10578.87,10578.87,10578.87,10578.87,10578.87,10578.87,10578.87,10578.87,10578.87,10578.87,10578.87,10578.87,10578.87,15000.0
3,TAS1,2021/03/12 23:30:00,32.30896,31.40878,35.62893,31.05342,51.77388,29.55492,55.38,32.91264,31.19319,33.57621,30.0988,51.77388,21.61696,95.43505,32.28416,32.28416,32.28416,31.19319,32.28416,30.0988,47.63955,28.77427,67.7156,28.23585,32.30896,31.97171,34.64863,31.40878,51.77388,29.55492,51.77388,32.85794,31.94622,33.53343,30.5469,34.26241,29.71817,66.51779,32.28416
4,VIC1,2021/03/12 23:30:00,34.3261,33.37,37.85227,32.99257,55.0,31.401,59.29677,34.96727,33.14102,35.67206,31.97866,55.0,22.97,103.78563,34.29976,34.29976,34.29976,33.14102,34.29976,31.97866,50.60888,30.57186,73.07312,30.0,34.3261,33.9679,36.81108,33.37,55.0,31.401,55.0,34.63229,34.29976,34.96727,33.14102,35.33183,32.57609,39.41808,34.29976
0,NSW1,2021/03/13 00:00:00,39.12,35.5801,39.12,35.5801,41.02898,35.47,98.91492,39.12,35.5801,39.12,35.5801,40.31534,35.55,60.69184,35.5801,35.5801,35.5801,35.5801,35.5801,35.5801,39.15005,35.55,59.17874,35.46,38.79,35.5801,38.83986,35.5801,41.13231,35.47,61.48844,35.5801,35.5801,35.5801,35.5801,35.5801,35.5801,35.5801,35.5801
1,QLD1,2021/03/13 00:00:00,38.64933,35.15202,38.64933,35.15202,39.34582,35.04324,90.73,38.64933,35.15202,38.64933,35.15202,38.95,35.12228,56.50003,35.15202,35.15202,35.15202,35.15202,35.15202,35.15202,38.95,34.34605,57.17456,33.75361,38.9,34.37513,38.95,33.86793,43.47399,31.8217,288.0,35.15202,35.15202,35.15202,35.15202,35.15202,35.15202,35.15202,35.15202
2,SA1,2021/03/13 00:00:00,13100.02,13100.02,13100.02,13100.02,13100.02,13100.02,13100.02,13100.02,13100.02,13100.02,13100.02,13100.02,13100.02,13100.02,13100.02,13044.44,13100.02,10578.87,15000.0,38.11304,13100.02,13044.44,13100.02,10578.87,13100.02,13100.02,13100.02,13100.02,13100.02,13100.02,13100.02,13100.02,13100.02,13100.02,13100.02,13100.02,13100.02,13100.02,15000.0
3,TAS1,2021/03/13 00:00:00,35.38949,32.65172,35.38949,32.65172,36.67763,32.55068,82.4231,36.18589,32.26,36.67763,31.90516,39.51335,31.29246,138.59,32.65172,32.65172,32.65172,32.65172,32.65172,32.34102,36.21368,32.26,53.77469,32.26,35.30089,32.65172,35.34626,32.65172,36.77,32.55068,53.77469,37.23684,32.26,138.59,31.80663,138.61,31.16008,156.40016,32.65172
4,VIC1,2021/03/13 00:00:00,35.89766,32.75371,35.89766,32.75371,37.41034,32.65236,84.30119,36.70549,32.36077,37.20429,31.82558,40.41371,26.30233,141.74792,32.75371,32.75371,32.75371,32.75371,32.75371,32.44204,36.73369,32.36077,55.0,31.71816,35.70862,32.75371,35.75452,32.75371,37.50455,32.65236,55.0,33.06771,32.72323,32.75371,32.44204,32.75371,32.13267,32.75371,32.75371
